詞彙,詞類
我,N
你/妳,N
他/她,N
我們,N
你們/妳們,N
他們/她們,N
您,N
誰,N
人,N
中國,N
美國,N
日本,N
台灣,N
名字(˙ㄗ),N
家,N
電話,N
現在,N
今年,N
今天,N
明天,N
昨天,N
早上,N
上午,N
中午,N
下午,N
晚上,N
一,N
二,N
三,N
四,N
五,N
六,N
七,N
八,N
九,N
十,N
零,N
兩,N
時候,N
百,N
半,N
爸爸,N
媽媽,N
哥哥,N
弟弟,N
姊姊/姐姐,N
妹妹,N
住,V
來,V
是,Vst
姓,Vst
覺得,Vst
喜歡,Vst
打電話,Vi
高興,Vs
漂亮,Vs
高,Vs
電腦,N
老師,N
買,V
忙,Vs
學生,N
大學,N
學校,N
字,N
筆,N
學,V
問,V
說,V
寫,V
聽,V
練習,V
能,Vaux
可以,Vaux
上課,V-sep
知道,Vst
電視(機),N
水,N
書,N
電影,N
以前,N
以後,N
走,V
等,V
看,V
什麼,N
朋友,N
東西,N
找,V
做,V
再見,Vi
怎麼樣,Vs
叫,Vst
謝謝,Vst
公共汽車/公車,N
車(子),N
到,V
去,V
回,V
坐,Vi
開車,V-sep
錢,N
多少,N
給,V
貴,Vs
便宜,Vs
大,Vs
小,Vs
難,Vs
容易,Vs
有,Vst
想,Vst
飯,N
吃,V
請,V
男,N
女,N
孩子,N
小姐,N
先生,N
太太,N
女兒,N
兒子,N
大家,N
路,N
手機,N
號碼,N
明年,N
去年,N
生日,N
月,N
日,N
星期,N
星期天/星期日,N
週末,N
天,N
在,Vst
笑,Vi
愛,Vst
好看,Vs
快樂,Vs
工作,N
醫生,N
醫院,N
公司,N
賣,V
準備,V
中學,N
年級,N
英文,N
紙,N
問題,N
意思,N
圖書館,N
數學,N
歷史,N
餐廳/飯館,N
學習,V
參加,V
畫,V
讀,V
會,Vaux
有趣,Vs
為什麼,Vs
下課,V-sep
說話,V-sep
考試,V-sep
考試,N
懂,Vst
天氣,N
房子,N
門,N
山,N
客廳,N
河,N
狗,N
花,N
風,N
海,N
魚,N
樹,N
開,V
冷,Vs
熱,Vs
洗澡,V-sep
咖啡,N
茶,N
生活,N
用,V
洗,V
穿,V
起床,Vp
方便,Vs
睡覺,V-sep
音樂,N
票,N
照片,N
打,V
玩,V
跑,Vi
運動,Vi
運動,N
開始,Vp
走路,V-sep
唱歌,V-sep
信,N
介紹,V
換,V
認識,Vpt
沒關係(˙ㄒㄧ),Vs
哪裡/哪兒,N
這裡/這兒,N
那裡/那兒,N
上(面),N
下(面),N
外(面),N
前(面),N
後(面),N
右邊,N
左邊,N
旁邊,N
中間,N
地鐵,N
地方,N
附近,N
送,V
帶,V
放,V
拿,V
進來,Vi
出去,Vi
站,Vi
快,Vs
慢,Vs
近,Vs
遠,Vs
手,N
身體,N
眼睛,N
藥,N
累,Vs
鞋子,N
褲子,N
市場,N
衣服,N
要,V
要,Vaux
長,Vs
新,Vs
一樣,Vs
好吃,Vs
菜,N
蘋果,N
肉,N
酒,N
喝,V
少,Vs-pred
多,Vs-pred
可能,Vaux
姓名,N
公園,N
國家,N
城市,N
街,N
電子郵件,N
結婚,Vp-sep
小時,N
夏天,N
冬天,N
秋天,N
春天,N
年輕,Vs
老,Vs
男生,N
女生,N
小孩,N
家人,N
緊張,Vs
可愛,Vs
胖,Vs
矮,Vs
瘦,Vs
千,N
萬,N
辦公室,N
工廠,N
工人,N
護士,N
司機,N
老闆/老板,N
同事,N
上班,V-sep
小學,N
上學,V-sep
作業,N
功課,N
請假,V-sep
教室,N
洗手間/廁所,N
語言,N
科學,N
華語/華文,N
黑板,N
課本,N
句子,N
注意,Vst
讀書,V-sep
回答,V
休息,Vi
決定,N
圖片,N
畫/畫兒,N
記得,Vst
房間,N
廚房,N
窗/窗戶(˙ㄏㄨ),N
樓上,N
樓下,N
電梯,N
家具,N
椅子,N
桌(子),N
沙發,N
床,N
關,V
冷氣(機),N
安靜,Vs
不錯,Vs
海邊,N
湖,N
馬,N
鳥,N
貓,N
雞,N
太陽,N
下雨,V-sep
下雪,V-sep
新年,N
游泳,V-sep
踢,V
足球,N
籃球,N
網球,N
棒球,N
比賽,Vi
比賽,N
騎,V
腳踏車/自行車,N
跑步,Vi
電影院,N
表演,N
上網,V-sep
輸,Vp
贏,Vp
久,Vs-pred
報紙,N
禮物,N
歡迎,Vst
晚會,N
信封,N
寄,V
接,V
郵局,N
銀行,N
警察,N
壞,Vp
幫忙,V-sep
計程車,N
車站,N
火車,N
飛機,N
飛機場/機場,N
馬路,N
十字路口,N
對面,N
裡面,N
旅行,Vi
飯店,N
旅館,N
參觀,V
地圖,N
照相機 / 相機,N
照相,V-sep
風景,N
頭,N
頭髮,N
耳朵,N
手指(頭),N
肚子,N
健康,Vs
感冒,Vp
生病,Vp-sep
受傷,Vp-sep
餓,Vs
渴,Vs
舒服(˙ㄈㄨ),Vs
眼鏡,N
痛,Vs
希望,Vst
商店,N
店,N
重要,Vs
顏色,N
黃色,N
白色,N
襪子,N
裙子,N
短,Vs
小心,Vs
牛奶,N
蛋,N
餃子,N
麵,N
湯,N
包子,N
蛋糕,N
麵包,N
水果,N
香蕉,N
食物,N
飲料,N
果汁,N
杯子,N
甜,Vs
菜單,N
巧克力,N
碗,N
盤子,N
過,V
出生,Vp
國,N
不同,Vs
地址,N
市,N
傳真,N
留言,Vi
日期,N
時間,N
鐘頭,N
晚,N
夜,N
禮拜,N
禮拜天,N
前天,N
後天,N
從前,N
夏,N
冬,N
秋,N
春,N
一會兒,N
不久,N
自己,N
別人,N
年紀,N
男人,N
女人,N
大人,N
老人,N
習慣,N
習慣,Vs
家庭,N
父親,N
母親,N
父母,N
爺爺,N
奶奶,N
關係,N
教堂,N
好,Vs
真,Vs
愉快,Vs
開心,Vs
著(ㄓㄠ)急,Vs
擔心,Vst
生氣,Vs-sep
怕,Vst
哭,Vi
難過,Vs
傷心,Vs-sep
美,Vs
美麗,Vs
聰明,Vs
認真,Vs
勇敢,Vs
禮貌,N
害羞,Vs
應該,Vaux
相信,Vst
經驗,N
關心,Vst
辛苦,Vs
願意,Vaux
心情,N
幸福,Vs
可憐,Vs
差,Vs-pred
職業,N
教師,N
經理,N
記者,N
服務員/服務生,N
顧客,N
教書,V-sep
開會,V-sep
下班,V-sep
危險,Vs
安全,Vs
安全,N
成功,Vs
報告,V
報告,N
打算,Vaux
機會,N
計畫/劃,V
計畫,N
努力,Vs
管理,V
學院,N
小學生,N
大學生,N
同學,N
校長,N
放假,V-sep
畢業,Vp-sep
開學,Vp
成績,N
學期,N
學費,N
暑假,N
寒假,N
服務,V
宿舍,N
操場,N
校園,N
中文,N
文化,N
語法,N
漢語,N
書法,N
班,N
書桌,N
課,N
字典,N
漢字,N
鉛筆,N
尺,N
毛筆,N
教,V
講,V
講話,V-sep
告訴,V
念/唸,V
練習,N
討論,V
認為,V
解釋,N
同意,Vst
了解/瞭解,Vst
清楚,Vs
無聊,Vs
決定,Vp
交,V
借,V
算,V
對,Vs
錯,Vp
辦法,N
方法,N
有用,Vs
進步,Vp
忘,Vp
記,V
公寓,N
大樓,N
臥室,N
花園,N
門口,N
浴室,N
樓梯,N
牆,N
洗衣機,N
冰箱,N
燈,N
打開,Vp
盒子,N
鄰居,N
熱鬧(˙ㄋㄠ),Vs
吵,Vs
滿意,Vst
乾淨,Vs
房租,N
租,V
開水,N
鄉下,N
森林,N
地,N
草,N
動物,N
牛,N
虎,N
羊,N
豬,N
月亮,N
星星,N
雲,N
地球,N
世界,N
環境,N
火,N
晴天,N
暖和,Vs
涼快,Vs
溫暖,Vs
溫度,N
雨,N
雪,N
空氣,N
睡,Vi
發生,Vpt
發現,Vp
發現,N
照顧,V
打掃,V
餐,N
起來,Vp
搬,V
掛,V
有空/有空兒,Vs
過年,Vi
結束,Vp
完,Vp
散步,V-sep
爬,Vi
跳,Vi
座位,N
博物館,N
節目,N
新聞,N
政治,N
體育,N
網站,N
平常,N
雜誌,N
文章,N
故事(˙ㄕ),N
小說,N
美術,N
藝術,N
興趣,N
收,V
談,V
聊天/聊天兒,V-sep
唱,V
歌,N
早,Vs
遲到,Vp
後來,N
變,V
跳舞,V-sep
樂器,N
吉他,N
鋼琴,N
可怕,Vs
活動,N
消息,N
客人,N
客氣(˙ㄑㄧ),Vs
舞會,N
請客,V-sep
慶祝,V
聽說,V
感謝,Vst
見面,V-sep
約,V
事,N
事情,N
明信片,N
卡片,N
幫,V
弄,V
檢查,V
通知,V
通知,N
叫,V
麻煩(˙ㄈㄢ),N
偷,V
錢包,N
拉,V
小偷,N
滿,Vp
丟,Vp
汽車,N
船/船兒,N
停車場,N
搭,V
起飛,Vp
出,V
出來,Vi
進,V
進去,Vi
回去(˙ㄑㄩ),Vi
路口,N
紅綠燈,N
橋,N
左,N
右,N
裡,N
下,V
上,V
這邊,N
那邊,N
旅遊,Vi
動物園,N
出發,Vp
離開,Vp
南,N
南部,N
南邊,N
西,N
西部,N
西邊,N
北,N
北部,N
北邊,N
東,N
東部,N
東邊,N
經過,V
轉,V
掉,Vpt
過去,Vi
最後,N
動,Vp
躺,V
停,Vp
中心,N
外國,N
護照,N
行李,N
出口,N
油,N
鑰匙,N
袋子,N
方向,N
出現,Vp
交通,N
臉,N
腿,N
腳,N
心,N
鼻(子),N
背,N
嘴巴,N
脖子,N
健康,N
感覺,N
感覺,Vst
救護車,N
咳嗽,Vi
發燒,Vp-sep
疼,Vs
保險,N
病,N
看病,V-sep
病人,N
掛號,V-sep
牙刷,N
剪,V
藥房,N
恢復,Vpt
救命,V-sep
影響,N
影響,V
飽,Vs
吃飽,Vp
簡單,Vs
書店,N
超級市場/超市,N
戴,V
試,V
輕,Vs
重,Vs
流行,Vs
藍色,N
綠色,N
紅色,N
黑色,N
手表/錶,N
付,V
襯衫,N
毛衣,N
大衣,N
牛仔褲,N
雨衣,N
內衣,N
帽子,N
皮包,N
外套,N
乾,Vp
舊,Vs
價格,N
價錢,N
排隊,V-sep
信用卡,N
樣子,N
特別,Vs
一般,Vs
圓,Vs
光,Vp
看見(˙ㄐㄧㄢ),V
聲音,N
大聲,Vs
像,Vst
奇怪,Vs
死,Vp
髒,Vs
差不(˙ㄅㄨ)多,Vs
需要,Vst
牛排,N
米,N
三明治,N
西瓜,N
啤酒,N
紅茶,N
點菜,V-sep
酸,Vs
苦,Vs
鹹,Vs
辣,Vs
點心,N
冰淇淋,N
餅乾,N
漢堡,N
青菜,N
鹽,N
糖,N
煮,V
夠,Vs-pred
味道,N
香,Vs
新鮮(˙ㄒㄧㄢ),Vs
烤,V
嚐,V
裝,V
刀(子),N
叉(子),N
湯匙,N
筷子,N
可能,N
邊/邊兒,N
阿姨,N
愛,N
愛情,N
愛惜,Vst
愛心,N
安定,Vs
安排,N
安排,V
安心,Vs
巴士,N
把握,V
白,Vs
白菜,N
白天(˙ㄊㄧㄢ),N
擺,V
百貨公司,N
班機,N
搬家,V-sep
辦,V
辦理,V
半天,N
半夜,N
幫助,V
榜樣,N
棒,Vs
包,V
包含,Vst
寶貝,N
寶貴,Vs
保護,V
保守,Vs
保養,V
保證/証,N
保證/証,V
抱,V
抱怨,V
報名,V-sep
背包,N
北方,N
被動,Vs
背後,N
背景,N
輩子,N
本人,N
本子,N
笨,Vs
逼,V
比,V
避免,V
必要,Vs
鞭炮,N
變,Vp
變成,Vpt
變更,V
變化,N
變化,Vs
便條,N
標準,N
標準,Vs
表,N
表達,V
表面,N
表示,V
表現,N
表現,V
表演,V
冰,N
冰塊/冰塊兒,N
餅,N
病,Vp
伯伯(˙ㄅㄛ),N
博士,N
播,V
不必,Vaux
不斷,Vs
不見(了),Vp
不幸,Vs
不得了,Vs
不滿,Vs
不少,Vs
不足,Vs
部分(˙ㄈㄣ)/份,N
部門,N
布,N
布/佈置,V
擦,V
猜,V
材料,N
採用,V
餐桌,N
參考,V
草地,N
草原,N
差別,N
差異,N
查,V
產品,N
產生,Vpt
嘗/嚐試,V
超過,Vpt
超級,Vs-attr
炒,V
吵,V
吵架,V-sep
車禍,N
成,Vpt
成果,N
成就,N
成熟,Vs
成長,Vs
程度,N
承認,V
誠實,Vs
吃喝玩樂,Vi
充實,Vs
蟲(子),N
抽,V
醜,Vs
臭,Vs
初,N
出版,V
出差,V-sep
出門,V-sep
出租,V
除夕,N
廚師,N
處理,V
傳統,Vs
創造,V
吹,V
春節,N
詞,N
刺激,N
刺激,Vs
醋,N
存,V
存在,Vi
錯,N
錯誤,N
挫折,N
答應,V
達成,Vpt
打工,V-sep
打架,V-sep
打聽,V
打仗,V-sep
打折,V-sep
大方,Vs
大會,N
大陸,N
大門,N
大小,N
代表,N
代表,V
代替,V
帶來,V
帶領,V
單純,Vs
單身,Vs
擔任,V
淡,Vs
當,Vst
當地,N
當年,N
當天,N
當中,N
當作,Vst
當做,Vst
倒,V
島,N
導演,N
到底,Vs-pred
道德,N
道教,N
道理,N
道歉,V-sep
得,Vaux
得到,Vpt
得意,Vs
得,Vpt
燈光,N
等,V
等待,V
低,Vs
敵人,N
底,N
底下(˙ㄒㄧㄚ),N
抵達,V
地板,N
地帶,N
地點,N
地理,N
地區,N
地攤,N
地位,N
地下,N
地形,N
點,N
點,V
電,N
電車,N
電池,N
電燈,N
店員,N
調查,V
訂,V
丟,Vpt
東北,N
東方,N
東南,N
懂事,Vs
逗,V
豆腐(˙ㄈㄨ),N
豆漿,N
都市,N
毒品,N
獨特,Vs
讀者,N
對,V
對方,N
對話,N
對象,N
兒童,N
發,V
發表,V
發財,Vp-sep
發出,Vpt
發達,Vs
發揮,V
發覺,Vpt
發明,N
發明,Vpt
發脾氣(˙ㄑㄧ),Vi
發票,N
法律,N
翻,V
翻譯,V
煩惱,Vs
反應,N
犯,Vst
範圍,N
方面,N
方式,N
房東,N
房客,N
房屋,N
訪問,V
放心,Vs-sep
非,Vst
飛,Vi
費用,N
分開,Vp
豐富,Vs
風格,N
風俗,N
佛教,N
夫婦,N
符合,Vst
福利,N
服裝,N
腐敗,Vs
付出,Vpt
負擔,N
負擔,V
負責,Vs
複習,V
該,Vaux
改,V
改變,N
改變,V
改進,V
改善,V
蓋,V
概念,N
敢,Vaux
趕,V
趕上,Vpt
感動,Vs
感想,N
感興趣,Vs
高速,Vs-attr
高中,N
搞,V
歌曲,N
歌星,N
隔壁,N
革命,Vi
個人,N
個子/個兒,N
各式各樣,Vs-attr
各位,N
跟,V
根,N
公共,Vs-attr
公路,N
功夫,N
功能,N
工具,N
工業,N
工作,Vi
恭喜,V
共同,Vs-attr
貢獻,N
貢獻,V
溝通,V
購買,V
姑娘（˙ㄋㄧㄤ）,N
古,Vs-attr
古代,N
古蹟,N
古老,Vs
顧,V
故意,Vs
刮,V
乖,Vs
怪,V
怪,Vs
關,Vp
觀察,V
觀點,N
觀念,N
觀眾,N
管,V
廣播,N
廣播,Vi
廣場,N
廣告,N
逛,V
逛街,V-sep
規矩,N
規模,N
鬼,N
櫃子,N
國內,N
國外,N
國王,N
國語,N
過去,N
過日子,Vi
海報,N
海灘,N
海洋,N
害,V
害怕,Vs
航空,N
好,Vs
好處,N
合唱,V
合作,Vs
黑,Vs
恨,Vst
恨不(˙ㄅㄨ)得,Vst
紅,Vs
紅包,N
紅豆,N
厚,Vs
後,N
糊塗,Vs
花,V
花心,Vs
滑雪,V-sep
畫家,N
話題,N
化妝品,N
壞處,N
還,V
環保,N
黃,Vs
回答,N
回想,V
會,N
會場,N
會話,N
會議,N
婚禮,N
婚姻,N
混亂,Vs
活,Vs-attr
活動,Vi
基本,N
基本,Vs
基礎,N
基督教,N
激動,Vs
激烈,Vs
積極,Vs
機器,N
急,Vs
擠,V
擠,Vs
記,Vst
記錄,N
記錄,V
記憶,N
季節,N
紀念,N
紀念,Vst
技巧,N
繼續,V
加,V
加強,V
加入,Vpt
加上,V
加油,Vi
家鄉,N
家長,N
假,Vs
假裝,V
假日,N
價值,N
肩膀,N
堅持,Vs
堅強,Vs
減,Vst
減輕,Vpt
減少,Vpt
見,Vpt
建立,V
建設,N
建設,V
建議,N
建議,V
將來,N
講價,Vi
講究(˙ㄐㄧㄡ),Vs
獎學金,N
降低,Vpt
醬油,N
交,V
交流,Vi
交友,Vi
驕傲,Vs
郊區,N
角度,N
角色,N
叫,V
叫,Vst
教,Vst
教材,N
教導,V
教法,N
教練,N
教授,N
教訓(˙ㄒㄩㄣ),N
教育,N
教育,V
接觸,V
接受,V
結,V
結局,N
節日,N
解決,V
解釋,V
姊妹,N
金(子),N
緊,Vs
盡,Vst
進,V
進行,V
經,V
經費,N
經過,N
經過,Vst
經驗,Vpt
精神,N
驚訝,Vs
酒吧,N
救,V
舅舅(˙ㄐㄧㄡ),N
舅媽,N
居住,Vi
橘子,N
舉,V
舉辦,V
舉手,V-sep
舉行,V
聚,Vi
劇本,N
劇情,N
拒絕,V
距離,N
具有,Vst
軍隊,N
軍人,N
卡車,N
開放,V
開花,Vp-sep
開朗,Vs
開始,N
開玩笑,V-sep
看不(˙ㄅㄨ)起,Vst
看法,N
考,V
科技,N
科學,Vs
可,Vaux
可靠,Vs
可樂,N
可惡,Vs
可惜,Vs
可以,Vaux
渴望,Vst
克服,Vpt
課程,N
課堂,N
課文,N
客滿,Vp
刻,V
肯,Vaux
肯定,Vs
空,Vs
空間,N
空軍,N
空,Vs
口,N
口袋,N
口味,N
誇張,Vs
寬,Vs
困難,N
困難,Vs
擴大,V
拉肚子,V-sep
來不及,Vs
來得及,Vs
藍,Vs
浪漫,Vs
老公,N
老虎,N
老婆(˙ㄆㄛ),N
老實(˙ㄕ),Vs
樂,Vs
樂觀,Vs
樂趣,N
垃圾,N
淚,N
冷淡,Vs
離婚,Vp-sep
裡邊,N
理解,Vst
理論,N
理想,N
理想,Vs
裏面,N
禮堂,N
力,N
力量(˙ㄌㄧㄤ),N
厲害(˙ㄏㄞ),Vs
例子,N
利益,N
利用,V
連,Vst
連/聯絡,V
連續劇,N
練,V
戀愛,Vp
涼,Vs
良好,Vs
亮,Vs
聊,V
了不(˙ㄅㄨ)起,Vs
靈魂,N
零錢,N
零用錢,N
領,V
領導,V
領域,N
令,Vst
流,V
流汗,V-sep
流血,V-sep
留學,Vi
留學生,N
龍,N
錄,V
錄取,V
錄音,V-sep
露營,V-sep
亂,Vs
輪胎,N
旅客,N
綠,Vs
律師,N
麻煩(˙ㄈㄢ),Vs
馬桶,N
碼頭 (˙ㄊㄡ),N
螞蟻,N
罵,V
滿,Vs
滿足,Vs
慢跑,Vi
慢用,Vi
毛,N
毛病,N
貿易,N
沒,Vp
沒什麼,Vs
玫瑰 (˙ㄍㄨㄟ),N
美好,Vs
夢,N
迷路,Vp-sep
迷人,Vs
米飯,N
米粉,N
秘/祕密,N
密切,Vs
免費,Vs
面,N
面積,N
面前,N
麵條,N
描寫,V
廟,N
民國,N
民族,N
名詞,N
明白,Vpt
明顯,Vs
明星,N
命,N
摸,V
摩托車/機車,N
陌生,Vs
木,N
木頭(˙ㄊㄡ),N
目的,N
目前,N
拿手,Vs
那樣,Vs
奶,N
奶茶,N
耐心,N
南方,N
難看,Vs
腦,N
腦子,N
鬧鐘,N
內,N
內容,N
能,Vaux
能夠,Vaux
能力,N
年,N
年代,N
年齡,N
念書,V-sep
農業,N
女士,N
拍,V
排,V
牌子,N
盼望,Vst
旁,N
陪,V
培養,V
配,V
配合,V
碰,V
碰到,Vpt
碰上,Vpt
批評,V
皮,N
皮帶,N
皮膚,N
皮鞋,N
騙子,N
品質,N
平,Vs
平安,Vs
平等,Vs
平時,N
平原,N
瓶子,N
破,Vp
破壞,V
葡萄(˙ㄊㄠ),N
普遍,Vs
欺負,V
期間,N
起,N
起,V
氣,N
氣,Vst
氣溫,N
汽水,N
企業,N
簽名,V-sep
簽證,N
謙虛,Vs
前,N
前年,N
淺,Vs
強盜,N
強調,V
搶,V
親,V
親切,Vs
清,Vs-pred
青年,N
青少年,N
輕鬆,Vs
晴,Vs-pred
情,N
情人,N
情況,N
情形,N
請教,V
請求,V
窮,Vs
求,V
球,N
球場,N
球賽,N
球員,N
取代,V
去世,Vp
全球,N
全身,N
缺點,N
確定,Vs
確認,V
讓,V
熱狗,N
熱水,N
人家,N
人間,N
人口,N
人類,N
人們,N
人民,N
人人,N
人數,N
人物,N
忍,Vs
忍耐,Vst
認,V
認得,Vst
任務,N
扔,Vpt
日出,Vi
日記,N
日子,N
如此,Vs
如下,Vs
如意,Vs
弱,Vs
傘,N
殺,V
晒,V
山區,N
傷害,V
商品,N
商人,N
商業,N
上,N
上當,Vp
上帝,N
上街,Vi
上衣,N
燒,V
蛇,N
設備,N
設計,N
設計,V
深,Vs
深入,Vs
身邊,N
身高,N
身上,N
升,V
聲調,N
生,V
生產,V
生動,Vs
生活,Vi
生命,N
生意,N
生字,N
省,Vst
省錢,Vs-sep
剩,Vst
剩下(˙ㄒㄧㄚ),Vpt
濕,Vs
失戀,Vp
失去,Vpt
獅子,N
石頭(˙ㄊㄡ),N
石油,N
時,N
時代,N
時刻,N
實話,N
實際,Vs
實力,N
實行,V
實在,Vs
使得,Vst
使用,V
事實,N
事業,N
適應,Vst
市長,N
收穫,N
收音機,N
熟,Vs
手套,N
手續,N
受得了,Vst
書包,N
書架,N
蔬菜,N
舒適,Vs
叔叔(˙ㄕㄨ),N
熟悉,Vst
數,V
數字,N
樹木,N
刷牙,V-sep
帥,Vs
雙,Vs-attr
水餃,N
水平,N
水準,N
睡著,Vp
順利,Vs
說法,N
說明,N
說明,V
思考,V
思想,N
寺廟,N
速度,N
算了,Vs
隨便,Vs
所謂,Vs-attr
它,N
它們,N
抬,V
颱風,N
態度,N
談話,V-sep
堂,N
討厭,Vst
特色,N
特殊,Vs
提,V
提到,Vpt
提高,V
提供,V
題材,N
題目,N
體會,Vst
體力,N
體貼,Vst
體重,N
天堂,N
天下,N
田,N
填,V
甜點,N
條件,N
挑戰,V
貼,V
鐵,N
鐵路,N
聽見,Vpt
聽力,N
聽眾,N
通,Vs-pred
通過,Vpt
同情,Vst
同時,N
同樣,Vs-attr
痛苦,Vs
投,V
投資,V
頭痛,Vs
圖,N
土,N
土地,N
兔子,N
團體,N
團圓,Vs
推,V
推薦,V
推銷,V
退步,Vp
退休,Vp
脫,V
娃娃(˙ㄨㄚ),N
外邊,N
外公,N
外婆,N
外文,N
外語,N
完成,Vpt
玩具,N
晚,Vs
網,N
網路,N
忘記,Vpt
維持,V
微笑,Vi
為主,Vs
偉大,Vs
未來,N
位置,N
位子,N
溫柔,Vs
文件,N
文學,N
文字,N
聞,V
穩定,Vs
問好,Vi
問候,V
握手,V-sep
屋子,N
無,Vs-attr
無窮,Vs
無所謂,Vs
誤會,N
物價,N
西北,N
西餐,N
西方,N
西南,N
吸毒,V-sep
吸收,V
吸引,Vst
犧牲,Vpt
希望,N
喜愛,Vst
細,Vs
細心,Vs
戲,N
戲劇,N
系統,N
下,N
下,V
嚇,Vs-pred
嚇一跳,Vp
線,N
現代,N
現代,Vs
現實,N
現實,Vs
現象,N
限制,N
相對,Vs-attr
相反,Vs
相關,Vs
相同,Vs
箱子,N
香水,N
詳細,Vs
響,Vp
想到,Vpt
想法,N
想像,N
想像,Vst
相聲,N
小吃,N
小朋友,N
小組,N
效果,N
笑話,N
孝順,Vs
孝順,Vst
協助,V
血,N
謝,V
心得,N
心理,N
心意,N
欣賞,Vst
新生,N
信,Vst
信箱,N
信心,N
興奮,Vs
行,Vs
行動,N
行為,N
形容,V
醒,Vp
醒來,Vp
姓,N
性別,N
性格,N
幸運,Vs
兇,Vs
兄弟,N
熊貓,N
修,V
修改,V
修理,V
需求,N
需要,N
選,V
選舉,N
選擇,N
選擇,V
學會,Vpt
學問,N
尋找,V
訓練,V
鴨(子),N
押金,N
牙,N
牙齒,N
煙火,N
研究,N
研究,V
嚴重,Vs
演,V
演出,V
演講,Vi
演員,N
眼光,N
眼淚,N
陽光,N
養,V
邀請,V
要求,N
要求,V
咬,V
要,Vst
要緊,Vs
野餐,Vi
夜裡/裏(˙ㄌㄧ),N
夜市,N
一下子/一下子兒,N
衣櫃,N
依靠,V
一樣,N
以後,N
以來,N
以內,N
以前,N
以上,N
以外,N
以為,V
以下,N
一生,N
一時,N
意見,N
意外,N
意義,N
陰,Vs
音響,N
引起,V
應,Vaux
應該,Vaux
英俊,Vs
營養,N
影片,N
擁有,Vst
用法,N
用功,Vs
用品,N
優點,N
優秀,Vs
幽默,Vs
郵票,N
遊客,N
游泳池,N
有名,Vs
有錢,Vs
有效,Vs
有意思(˙ㄙ),Vs
友誼,N
玉,N
玉米(˙ㄇ一),N
預備,V
預習,V
遇到,Vpt
圓,N
員工,N
原諒,Vst
原因,N
願望,N
院子,N
約會,N
約會,Vi
月餅,N
閱讀,V
樂團,N
運氣,N
在,Vst
在意,Vst
在於,Vst
早晚,N
造成,Vpt
噪音,N
責任,N
增加,Vpt
炸,V
摘,V
站,N
戰爭,N
長,Vs
長大,Vp
掌握,V
障礙,N
招待,V
招牌,N
找錢,V-sep
照,V
哲學,N
這裏,N
這下子,N
這樣,Vs
這樣子,Vs
真理,N
真實,Vs
真心,Vs
真正,Vs-attr
珍貴,Vs
整理,V
整齊,Vs
正常,Vs
正確,Vs
正式,Vs
證明,V
證書,N
知,Vst
知識,N
之後,N
之間,N
之前,N
直,Vs
值得,Vst
殖民地,N
植物,N
職員,N
指,V
制度,N
智慧,N
中,N
中部,N
中餐,N
鐘,N
種,V
重點,N
重視,Vst
周圍,N
主動,Vs
主婦,N
主管,N
主人,N
主任,N
主題,N
主要,Vs-attr
主意,N
祝,V
祝福,N
祝福,V
助,V
助理,N
著名,Vs
抓,V
專心,Vs
專業,Vs-attr
狀態,N
追求,V
準時,Vs
著,V
資料,N
資源,N
仔細,Vs
自動,Vs
自然,Vs
自殺,Vi
自信,N
自由,N
自由,Vs
自在,Vs
宗教,N
總統,N
走走(˙ㄗㄡ),Vi
祖父,N
祖母,N
祖先,N
嘴,N
醉,Vp
最初,N
最後,N
最佳,Vs-attr
尊敬,Vst
作,V
作品,N
作者,N
做/作法,N
做夢,V-sep
做人,Vi
做事,Vi
愛好,N
愛好,Vst
愛護,Vst
愛人,N
安慰,V
安裝,V
按,V
暗,Vs
骯髒,Vs
熬,V
拔,V
把握,N
罷工,Vi
擺脫,V
敗,Vp
拜,V
拜拜(˙ㄅㄞ),Vi
拜訪,V
拜年,V-sep
拜託,V
班長,N
搬運,V
拌,V
半路,N
辦公,Vi
辦事,Vi
扮演,V
傍晚,N
棒子,N
包裹,N
包括,Vst
包裝,N
包裝,V
保,V
保持,V
保存,V
保留,V
保衛,V
保障,N
保障,V
寶寶(˙ㄅㄠ),N
抱,Vst
報,V
報仇,V-sep
報答,Vpt
報導,V
報到,Vi
報警,V-sep
報社,N
暴力,N
暴躁,Vs
爆炸,Vp
悲劇,N
悲痛,Vs
倍,N
備,V
背面,N
奔,Vi
奔跑,Vi
本來,Vs-attr
本領,N
本身,N
本土,N
笨重,Vs
比,V
比方,N
比方(說),Vst
比較,N
比較,V
比例,N
彼此,N
筆記,N
筆試,N
筆試,Vi
閉,Vi
必須,Vs-attr
必要,N
編,V
扁,Vs
便利,Vs
變動,N
變動,Vp
標題,N
標誌,N
表格,N
表情,N
表揚,V
冰,Vs
丙,N
病毒,N
病房,N
撥,V
菠菜,N
波動,Vi
玻璃(˙ㄌㄧ),N
薄,Vs
薄弱,Vs
伯父,N
伯母,N
捕,V
補,V
補償,V
補充,V
補課,V-sep
補習,V-sep
補助,N
補助,V
不安,Vs
不成,Vs-pred
不當,Vs
不到,Vst
不得已,Vs
不敢當,Vs
不顧,Vst
不良,Vs
不平,Vs
不如,Vst
不宜,Vs
不止,Vs-pred
部隊,N
部長,N
布/佈告,N
布/佈告欄,N
財產,N
財富,N
才能,N
裁判,N
裁員,Vpt
踩,V
採,V
採購,V
彩色,Vs-attr
參與,V
蠶,N
慚愧,Vs
慘,Vs
倉庫,N
藏,V
操心,Vs
操作,V
策略,N
測量,V
測試,V
測驗,N
測驗,V
差,N
差錯,N
差距,N
插,V
插花,Vi
插圖,N
茶館/茶館兒,N
茶會,N
茶葉,N
拆,V
產,V
產量,N
產業,N
嘗/嚐試,N
常識,N
長處,N
長度,N
長方形,N
長久,Vs
長途,Vs-attr
場地,N
場合,N
場所,N
廠商,N
抄,V
鈔票,N
超出,Vpt
超人,N
超越,V
超重,Vp
潮流,N
潮溼/濕,Vs
吵鬧,Vi
車票,N
扯,V
澈底,Vs
沉,Vp
陳列,V
稱,V
撐,V
成,Vpt
成本,N
成分/份,N
成交,Vp
成立,Vpt
成為,Vpt
成語,N
乘,V
乘客,N
誠懇,Vs
誠意,N
呈現,Vpt
程序,N
吃虧,Vs
遲,Vp
尺寸,N
翅膀,N
沖,V
充分/份,Vs
充滿,Vpt
充足,Vs
崇拜,Vst
崇高,Vs
抽屜(˙ㄊㄧ),N
愁,Vs
出,Vst
出產,Vst
出境,Vp
出口,V
出色,Vs
出身,Vpt
出事,Vp-sep
出售,V
出席,V
出院,Vi
初步,Vs-attr
初級,Vs
除,V
除,Vst
儲存,V
儲蓄,Vi
處罰,V
處,V
傳,V
傳播,V
傳達,V
傳單,N
傳染,V
傳說,N
傳說,V
傳送,V
傳統,N
傳真,V
窗口,N
床單,N
闖,V
創作,N
春季,N
春假,N
純,Vs
磁帶,N
詞典,N
詞彙,N
辭職,Vi
刺,V
刺激,V
次數,N
從事,Vst
湊,V
粗,Vs
粗心,Vs
促進,V
催,V
存款,N
搓,V
錯過,Vpt
錯字,N
措施,N
答,V
答案,N
達到,Vpt
打扮,Vi
打包,V
打斷,Vpt
打擾,V
打算,N
打招呼,V-sep
打針,V-sep
打字,V-sep
大便,N
大膽,Vs
大地,N
大哥,N
大哥大,N
大街,N
大腦,N
大清早,N
大嫂,N
大腿,N
大型,Vs-attr
大意,Vs
大有,Vst
大眾,N
大自然,N
待,V
代,N
代,V
代表,Vs
代溝,N
代價,N
代理,V
帶動,V
帶路,Vi
帶子,N
大夫(˙ㄈㄨ),N
貸款,N
貸款,V-sep
待遇,N
單調,Vs
單位,N
單子,N
擔保,V
耽誤,V
膽量,N
膽小,Vs
蛋白質,N
誕生,Vp
當初,N
當時,N
當選,Vpt
當中,N
擋,V
檔案,N
當,Vst
倒楣,Vs
導演,V
導遊,N
倒,V
道路,N
到達,Vpt
得分,Vs-sep
得獎,V-sep
得罪,Vpt
登,V
登記,Vp
登山,V-sep
等不(˙ㄅㄨ)及,Vi
等級,N
等於,Vst
凳子,N
低潮,N
抵,V
抵抗,V
遞,V
地面,N
地毯,N
地下,Vs-attr
地震,Vp
典禮,N
典型,Vs
點燃,V
點頭,V-sep
墊,V
電報,N
電動,Vs-attr
電扇,N
電視台,N
電台,N
電線,N
電子,N
雕刻,N
雕刻,V
吊,V
釣,V
跌,Vp
跌倒,Vp
丁,N
盯,V
訂婚,V-sep
訂位,V-sep
定期,Vs-attr
丟臉,Vs-sep
丟人,Vs
冬季,N
懂得,Vst
洞,N
凍,Vs
動詞,N
動人,Vs
動身,Vi
動手,Vi
動作,N
鬥爭,Vi
毒,N
毒,Vs
獨立,Vs
賭,V
度,V
度過,V
端,V
斷,Vp
鍛鍊,V
堆,V
隊員,N
對岸,N
對策,N
對待,V
對付(˙ㄈㄨ),V
對抗,V
對立,Vs
蹲,Vi
多謝,Vst
奪,V
躲,Vi
鵝,N
惡劣,Vs
發,Vp
發動,V
發抖,Vi
發起,Vp
發射,V
發行,V
發言,V-sep
發揚,V
發音,Vi
發展,V
罰,V
法子,N
法院,N
髮型,N
翻,V
煩,Vs
煩惱,N
繁忙,Vs
繁榮,Vs
繁殖,V
反,V
反,Vst
反對,Vst
反抗,V
反面,N
反問,V
反映,V
反應,Vi
返回,V
犯錯,V-sep
犯法,V-sep
犯人,N
犯罪,V-sep
方,Vs-attr
方案,N
防,V
防守,V
防止,V
放大,V
放棄,V
放手,Vi
放學,Vp-sep
非法,Vs-attr
肥,Vs
肥胖,Vs
肥皂,N
肺,N
費,Vst
廢話,N
廢氣,N
廢水,N
廢物,N
分別,N
分別,V
分布/佈,Vs
分工,Vi
分明,Vs-pred
分配,V
分散,Vs
分手,Vp
分數,N
分析,N
分析,V
吩咐,V
粉筆,N
份/份兒,N
奮鬥,Vi
憤怒,Vs
封,V
封建,Vs-attr
蜂蜜,N
風氣,N
風趣,Vs
風險,N
瘋,Vp
瘋狂,Vs
瘋子,N
逢,Vst
縫,V
諷刺,V
否定,V
否認,V
夫妻,N
夫人,N
扶,V
服,V
服,Vst
浮,Vi
符號,N
赴,V
輔導,V
富,Vs-attr
富裕,Vs
附加,Vpt
婦女,N
複雜,Vs
複製,V
改革,V
改造,V
改正,V
蓋(子),N
肝,N
乾杯,Vi
乾脆,Vs
趕,Vs
感到,Vpt
感恩,Vs
感激,Vst
感情,N
感染,Vpt
感受,N
感受,Vst
幹,V
幹部,N
幹嘛,Vi
鋼,N
鋼筆,N
剛好,Vs
港幣,N
港口,N
高潮,N
高大,Vs
高度,N
高度,Vs-attr
高峰,N
高貴,Vs
高級,Vs
高明,Vs
高手,N
高原,N
告,V
告辭,Vi
割,V
擱,V
歌劇,N
隔,Vst
革命,N
各行各業,N
個別,Vs-attr
個性,N
根本,N
根據,N
供,V
工程,N
工夫,N
工會,N
工錢,N
工資,N
公布/佈,V
公公,N
公開,Vs
公立,Vs-attr
公平,Vs
公式,N
公用,Vs-attr
公元,N
供應,V
構成,V
構造,N
孤單,Vs
估計,V
姑姑(˙ㄍㄨ),N
姑丈,N
古典,Vs
鼓,N
鼓勵,N
鼓勵,V
鼓舞,V
鼓掌,Vi
骨頭(˙ㄊㄡ),N
固定,Vs
顧問,N
故鄉,N
瓜,N
瓜子,N
掛號信,N
官方,N
官員,N
關鍵,N
關上,V
觀光,Vi
管道,N
管制,V
慣,Vp
慣例,N
冠軍,N
罐頭(˙ㄊㄡ),N
罐子,N
光,Vp
光亮,Vs
光臨,V
光明,Vs
光榮,Vs
光線,N
廣,Vs
廣大,Vs
廣泛,Vs
廣告,Vi
廣闊,Vs
規定,N
規定,V
規畫/劃,N
規畫/劃,V
規律,N
規則,N
跪,Vi
櫃臺/台,N
貴族,N
滾,Vi
鍋(子),N
國會,N
國籍,N
國際,N
國立,Vs-attr
國旗,N
國小,N
國中,N
裹,V
過程,N
過度,Vs
過渡,Vi
過節,V-sep
過濾,V
過期,Vp
過世,Vp
海關,N
海軍,N
海外,N
海峽,N
海鮮,N
害處,N
含,V
含,Vst
含量,N
寒冷,Vs
喊,V
汗,N
行業,N
毫無,Vst
耗,Vst
好客,Vs
好奇,Vs
號召,V
合,Vi
合,Vs
合不(˙ㄅㄨ)來,Vs
合成,Vst
合得來,Vs
合法,Vs
合格,Vp
合乎,Vst
合理,Vs
合適,Vs
合算,Vs
和好,Vp
和平,Vs
和氣,Vs
河流,N
黑暗,Vs
黑夜,N
痕跡,N
恨,N
橫,Vs-attr
喉嚨(˙ㄌㄨㄥ),N
猴子,N
後代,N
後方,N
後果,N
後悔,Vs
後年,N
後頭(˙ㄊㄡ),N
後退,Vi
後院,N
呼,V
呼吸,Vi
忽略,Vst
忽視,Vst
蝴蝶,N
鬍子,N
戶外,N
互助,Vi
花草,N
花費,N
花費,V
花盆,N
花瓶,N
花色,N
花生,N
划,V
滑,Vp
滑,Vs
華僑,N
華人,N
化,Vst
化,Vp
化學,N
化妝,Vi
化裝,Vi
懷念,Vst
懷孕,Vi
壞蛋,N
歡呼,Vi
歡樂,Vs
歡喜,Vs
緩和,V
緩慢,Vs
幻想,N
幻想,Vi
慌,Vs
皇帝,N
黃豆,N
黃昏,N
灰,Vs-attr
灰色,N
灰心,Vs
揮,V
回,V
回電,V-sep
回教/伊斯蘭教,N
回收,V
回頭,V-sep
回信,V-sep
回憶,Vst
匯款,V-sep
會員,N
昏倒,Vp
昏迷,Vp
混,V
混合,V
活該,Vs
活力,N
活潑,Vs
活躍,Vs
火柴,N
火腿,N
火災,N
禍,N
貨物,N
獲得,Vpt
肌肉,N
基金,N
機構,N
機關,N
機票,N
機械,N
及格,Vp
集,V
集合,Vi
集郵,Vi
集中,V
集中,Vs
疾病,N
寂寞,Vs
技術,N
計算,V
計較,Vs
記性,N
記憶,Vi
記載,V
記住,Vpt
加班,V-sep
加工,V-sep
加速,V
家事,N
夾,V
甲,N/M
嫁,V
駕駛,N
駕駛,V
價值,Vst
尖,Vs
尖銳,Vs
肩,N
兼,V
間,N
堅定,Vs
堅決,Vs
監視,V
監獄,N
揀,V
撿,V
剪刀,N
檢驗,V
建,V
建國,Vi
建築,N
建築,V
箭,N
間接,Vs-attr
鍵盤,N
健全,Vs
江,N
獎金,N
獎品,N
降,Vp
降價,Vp-sep
澆,V
交代(˙ㄉㄞ),V
交換,V
交際,Vi
交往,Vi
交易,N
交易,Vi
郊外,N
角,N
角落,N
繳,V
腳步,N
叫喊,V
教會,N
教授,V
教學,Vi
教訓(˙ㄒㄩㄣ),V
接,Vst
接待,V
接到,Vpt
接見,V
接近,V
接近,Vs
街道,N
街頭,N
階段,N
節省,Vst
節約,Vst
結,N
結構,N
結果,N
結果,Vp-sep
結合,Vpt
結論,N
結算,Vi
結帳,Vi
截止,Vp
解,V
解除,V
解答,V
界線,N
戒指,N
今後,N
金額,N
金融,N
金屬,N
緊急,Vs
近,Vst
近視,Vs
盡力,Vs
進入,V
進口,V
禁止,V
浸,V
精彩,Vs
精力,N
精細,Vs
經濟,N
經歷,N
經歷,Vst
經營,V
京劇,N
驚人,Vs
警告,N
警告,V
景色,N
靜,Vs
鏡(子),N
敬愛,Vst
敬酒,V-sep
敬禮,V-sep
淨化,Vpt
競爭,Vi
糾正,V
酒會,N
就業,Vi
救火,Vi
居民,N
鞠躬,Vi
巨大,Vs
具,Vst
具備,Vst
具體,Vs
俱樂部,N
聚集,Vi
劇場,N
劇烈,Vs
劇院,N
捐,V
捐款,N
捐款,V-sep
捲,V
決心,N
決心,Vp
絕對,Vs-attr
覺悟,Vp
軍,N
軍事,N
卡,Vi
卡通,N
開,Vp
開除,V
開刀,V-sep
開發,V
開戶,V-sep
開課,V-sep
開明,Vs
開設,V
開拓,V
開演,Vp
看家,Vi
砍,V
看,Vst
看得起,Vst
抗議,V
考察,V
考卷,N
考慮,V
考取,Vpt
靠近,V
科目,N
可喜,Vs
可笑,Vs
客房,N
客觀,Vs
客戶,N
課外,Vs-attr
空前,Vs-attr
空中,N
恐怖,Vs
空/空兒,N
控制,V
口才,N
口號,N
口紅,N
口氣,N
口試,N
口試,Vi
口水,N
口音,N
口語,N
扣,V
誇獎,V
跨,V
會計,N
寬度,N
喇叭(˙ㄅㄚ),N
蠟燭,N
辣椒,N
來,N
來回,V
來臨,Vp
來往,Vi
來信,N
來源,N
來自,Vpt
籃子,N
懶,Vs
懶得,Vaux
爛,Vs
濫用,V
狼,N
浪,N
浪費,Vs
撈,V
牢,Vs
牢騷,N
勞動,V
勞工,N
勞力,N
嘮叨(˙ㄉㄠ),Vi
老百姓,N
老闆娘/老板娘,N
老大,N
老家,N
老太太(˙ㄊㄞ),N
樂意,Vs
類似,Vs
冷靜,Vs
冷飲,N
梨(子),N
理,V
理,Vst
理由,N
裡/裏頭,N
禮,N
禮品,N
力氣(˙ㄑㄧ),N
立,V
立場,N
利,Vs
利潤,N
利息,N
例外,Vs
聯合,V
聯合國,N
連接,Vst
連續,Vs-attr
臉色,N
量,V
糧食,N
倆,N
亮,V
諒解,Vst
了,Vst
裂,Vp
淋,V
臨,Vst
臨時,N
凌晨,N
靈活,Vs
零件,N
零售,V
零下,Vs-attr
領帶,N
領導,N
領土,N
領先,Vpt
領袖,N
溜,Vi
流動,Vi
流利,Vs
留念,Vs
摟,V
露,V
路燈,N
路線,N
陸軍,N
錄用,V
輪船,N
輪子,N
論,V
論文,N
落,Vi
落後,Vpt
落實,V
落伍,Vs
旅行社,N
綠豆,N
略,Vs
麻,Vs
麻雀,N
馬虎(˙ㄏㄨ),Vs
埋,V
買單,V-sep
買賣,V
饅頭,N
漫畫,N
忙碌,Vs
盲目,Vs
矛盾,Vs
毛巾,N
冒,V
煤,N
梅花,N
美觀,Vs
美妙,Vs
魅力,N
門票,N
門診,Vi
猛,Vs
夢到,Vpt
夢想,N
夢想,V
迷,Vst
迷糊(˙ㄏㄨ),Vs
迷失,Vp
迷信,N
迷信,Vs
密,Vs
蜜蜂,N
秘/祕書,N
棉,N
棉被,N
棉花(˙ㄏㄨㄚ),N
免得,Vaux
勉強,Vs
面對,V
面臨,Vst
面貌,N
面子,N
麵粉,N
妙,Vs
滅亡,Vp
民間,N
民謠,N
民眾,N
民主,N
民主,Vs
名,Vst
名稱,N
名單,N
名牌,N
名片,N
明白,Vs
明亮,Vs
明確,Vs
命,V
命令,N
命令,V
命運,N
磨,V
模仿,V
模糊,Vs
模型,N
模樣,N
抹,V
目標,N
目的地,N
目錄,N
奶粉,N
耐用,Vs
難得,Vs
難受,Vs
男性,N
腦袋(˙ㄉㄞ),N
腦筋,N
鬧,V
鬧區,N
內部,N
內地,N
內行,Vs
內科,N
能幹,Vs
能源,N
泥,N
泥土,N
黏/粘,V
黏/粘,Vs
尿,N
尿,Vi
捏,V
寧可,Vaux
寧願,Vaux
鈕扣,N
農場,N
農產品,N
農村,N
農民/農夫,N
農藥,N
濃,Vs
濃厚,Vs
暖,Vs
暖和(˙ㄏㄨㄛ),Vs
暖氣,N
女性,N
偶然,Vs
排,V
排斥,V
排列,V
排球,N
派,V
攀,V
判斷,V
泡,V
炮,N
砲,N
賠,V
賠償,V
陪同,V
佩服(˙ㄈㄨ),Vst
噴,V
膨脹,Vp
捧,V
碰見,Vpt
批,V
批判,V
皮,Vs
披,V
疲倦,Vs
疲勞,Vs
脾氣(˙ㄑㄧ),N
屁股(˙ㄍㄨ),N
偏食,Vs
偏向,Vst
騙,V
片面,Vs-attr
片子,N
飄,Vi
拼命,Vs
貧窮,Vs
品德,N
聘請,V
平常,Vs
平衡,Vst
平靜,Vs
平均,Vs
婆婆(˙ㄆㄛ),N
破爛,Vs
破裂,Vp
迫切,Vs
撲,V
撲滅,V
鋪,V
普及,Vs
普通,Vs
普通話,N
瀑布,N
欺騙,V
妻子,N
期,N
期限,N
其,N
棋,N
齊,Vs
齊全,Vs
旗袍,N
旗子,N
歧視,Vst
起,V
起火,Vp
企圖,N
企圖,Vaux
汽油,N
器材,N
器官,N
氣氛,N
氣憤,Vs
氣候,N
氣味,N
氣息,N
氣象,N
牽,V
遷,V
簽,V
簽訂,V
簽約,V-sep
簽字,V-sep
前方,N
前進,V
前頭(˙ㄊㄡ),N
前途,N
前往,V
前院,N
欠,V
歉意,N
槍,N
強,Vs
強大,Vs
強度,N
強烈,Vs
強人,N
牆壁,N
強迫,V
搶救,V
敲,V
瞧,V
巧,Vs
巧妙,Vs
切,V
親愛,Vs-attr
親戚,N
親人,N
侵害,V
侵入,V
勤勞,Vs
寢室,N
青,Vs
清,V
清晨,N
清除,V
清楚,Vs
清淡,Vs
清晰,Vs
清醒,Vs
輕傷,N
輕視,Vst
傾向,Vst
情書,N
情緒,N
秋季,N
求婚,V-sep
球隊,N
球鞋,N
曲折,Vs
區別,N
區別,V
區域,N
取,V
取得,Vpt
取笑,V
取消,V
娶,V
去,V
全家,N
全面,Vs-attr
全體,N
拳頭,N
權利,N
勸,V
缺,Vst
缺乏,Vst
缺少,Vst
缺席,Vs
確實,Vs
群眾,N
燃料,N
燃燒,V
染,V
讓,V
讓步,Vi
繞,V
惹,V
惹,Vst
熱愛,Vst
熱烈,Vs
熱門,Vs
熱情,N
熱情,Vs
熱心,Vs
人才,N
人格,N
人工,N
人力,N
人情味/人情味兒,N
人權,N
人生,N
人事,N
人體,N
人心,N
人行道,N
人員,N
忍不住,Vs
忍受,Vst
忍心,Vs
任,Vst
任性,Vs
日常,Vs-attr
日後,N
日用品,N
容,Vst
融化,Vp
榮幸,Vs
如,Vst
如何,Vs
如今,N
如同,Vst
入,V
入境,V
入口,N
入學,Vp
軟,Vs
塞,V
賽跑,Vi
三角形,N
散,V
散,Vp
喪失,Vpt
掃,V
色彩,N
色情,N
沙,N
沙漠,N
沙灘,N
沙子,N
殺價,V-sep
傻,Vs
曬太陽,Vi
山地,N
閃,Vi
閃,Vp
善於,Vst
扇子,N
傷,N
傷,Vs
傷腦筋,Vs
商標,N
商場,N
商量(˙ㄌㄧㄤ),V
上,V
上級,N
上升,Vi
上市,Vp
上述,N
上台/臺,V-sep
上頭(˙ㄊㄡ),N
上下,N
上游,N
少年,N
少女,N
舌頭(˙ㄊㄡ),N
捨不得,Vst
捨得,Vst
射,V
社會,N
社交,N
社團,N
設立,V
設置,V
攝影,Vi
申請,V
伸,V
伸手,Vi
身材,N
身分,N
身分證,N
深刻,Vs
深淺,N
深夜,N
神,N
神話,N
神經,N
神秘,Vs
神奇,Vs
神氣,Vs
神聖,Vs
神仙,N
審查,V
慎重,Vs
升,Vp
升高,Vp
升級,Vp
升學,Vi
生,Vs-attr
生存,Vs
生肖,N
生長,Vs
繩(子),N
省,Vs
省得,Vaux
勝,Vp
勝利,Vp
失敗,Vs
失掉,Vpt
失眠,Vp
失望,Vs
失業,Vp
溼,Vs
詩,N
詩人,N
師父(˙ㄈㄨ),N
師傅,N
師母,N
施工,Vi
時機,N
時期,N
食品,N
實用,Vs
實施,V
實現,V
實驗,N
實驗,Vi
使,V
示威,Vi
式樣,N
世,N
世紀,N
市立,Vs-attr
市民,N
市區,N
視野,N
適當,Vs
適合,Vst
適用,Vst
是非,N
事件,N
事物,N
勢力,N
試驗,V
收據,N
收看,V
收入,N
收拾,V
手電筒,N
手段,N
手工,N
手術,N
首都,N
受,Vst
受不(˙ㄅㄨ)了,Vst
受到,Vpt
售,V
壽命,N
疏忽,Vp
書房,N
書籍,N
輸出,V
輸入,V
熟練,Vs
熟人,N
屬,Vst
屬於,Vst
暑期,N
數,N
數量,N
數目,N
樹林,N
刷,V
刷(子),N
刷卡,V-sep
耍,V
摔,V
衰退,Vp
甩,V
率領,V
雙胞胎,N
雙方,N
水分,N
水災,N
稅,N
說服,V
順,Vs
順手,Vs
順序,N
碩士,N
絲,N
撕,V
私立,Vs-attr
私人,N
思索,V
死亡,Vp
四處,N
四方,N
四季,N
四周/週,N
飼養,V
鬆,Vs
送行,Vi
俗,Vs
俗話,N
算,V
算是,Vst
算帳,V-sep
隨,Vst
隨意,Vs
碎,Vp
歲數(˙ㄕㄨ),N
孫女,N
孫子,N
損失,N
損失,Vpt
縮,V
縮短,V
縮水,Vp
鎖,N
鎖,V
塌,Vp
踏,V
抬頭,V-sep
太空,N
攤子,N
彈,V
談判,Vi
毯子,N
探,V
探親,V-sep
探討,V
燙,V
燙,Vs
掏,V
逃,Vi
逃避,V
逃走,Vp
陶瓷,N
淘氣,Vs
桃子,N
討,V
套,V
特點,N
提,V
提起,V
提前,Vp
提醒,V
提早,Vp
體溫,N
體驗,V
天才,N
天空,N
天然,Vs
天文,N
天真,Vs
天主教,N
田野,N
挑,V
挑選,V
條約,N
調,V
調整,V
跳高,Vi
跳遠,Vi
貼心,Vs
停止,Vpt
挺,V
挺,Vs
通,Vs
通過,V
通信,V-sep
通訊,N
同,Vs
同胞,N
同志,N
銅,N
統計,V
統一,Vs
統治,V
痛快(˙ㄎㄨㄞ),Vs
頭腦,N
投票,V-sep
投入,V
投降,Vi
投資,N
透,Vs
禿,Vs
突出,Vs
突破,N
突破,V
途徑,N
圖書,N
圖章,N
吐,V
團結,Vs
推動,V
推翻,V
推廣,V
退,Vpt
退出,Vpt
退回,Vpt
吞,V
拖,V
拖鞋,N
托兒所,N
脫離,V
妥當(˙ㄉㄤ),Vs
妥善,Vs
妥協,Vi
挖,V
歪,Vs
外部,N
外出,Vi
外地,N
外觀,N
外行,Vs
外匯,N
外交,N
外界,N
外科,N
外頭(˙ㄊㄡ),N
彎,Vs
彎腰,V-sep
完畢,Vp
完善,Vs
完整,Vs
玩笑,N
晚輩,N
往,V
望,V
威脅,N
威脅,V
圍,V
違反,Vst
維護,V
維他命,N
危機,N
為難,Vs
唯一,Vs-attr
尾巴,N
委屈,Vs
委託,V
委員,N
未婚,Vs
位於,Vst
味/味兒,N
味精,N
衛生,Vs
衛生紙,N
衛星,N
慰問,V
溫和,Vs
文法,N
文具,N
文憑,N
文物,N
文藝,N
蚊子,N
吻,N
吻,V
穩,Vs
握,V
臥房,N
汙/污染,V
無可奈何,Vs
無情,Vs
無限,Vs
無意,Vs
武器,N
武術,N
舞,N
舞蹈,N
舞台/臺,N
舞廳,N
物理,N
物質,N
誤,Vst
誤點,Vp
誤會,Vst
霧,N
西裝,N
吸,V
吸取,V
吸食,V
吸菸,V-sep
媳婦,N
喜酒,N
喜劇,N
系列,N
細胞,N
細節,N
細菌,N
細小,Vs
瞎,Vp
蝦(子),N
蝦米(˙ㄇㄧ),N
下巴(˙ㄅㄚ),N
下降,Vp
下來,N
下棋,V-sep
下午茶,N
下游,N
夏季,N
先進,Vs
鮮,Vs
鮮花,N
鮮奶,N
鮮血,N
閒,Vs
嫌,Vst
顯得,Vs
顯示,V
顯著,Vs
現場,N
現成,Vs-attr
現金,N
羨慕,Vst
限制,V
相處,Vi
相當,Vs
相親相愛,Vs
相似,Vs
香腸,N
鄉村,N
想念,Vst
享受,Vst
享有,Vst
響應,V
象,N
相片/相片兒,N
相親,V-sep
巷(子),N
項目,N
消,Vp
消除,V
消費,N
消費,V
消化,V
消極,Vs
消滅,Vpt
消失,Vp
消/宵夜,N
銷路,N
銷售,V
小便,Vi
小費,N
小麥,N
小氣,Vs
小腿,N
小子,N
曉得,Vst
校車,N
校友,N
效率,N
笑容,N
歇,Vi
斜,Vs
血管,N
血型,N
血液,N
心靈,N
心目中,N
心聲,N
心跳,N
心臟,N
新郎,N
新娘,N
新式,Vs-attr
新興,Vs-attr
薪水,N
信號,N
信任,Vst
信仰,N
信仰,Vst
信用,N
星光,N
行程,N
行動,Vi
行人,N
形成,Vpt
形式,N
形象,N
形狀,N
性質,N
雄偉,Vs
休假,V-sep
休閒,Vi
修正,V
需,Vst
須知,N
許,V
許願,V-sep
宣布/佈,V
宣傳,N
宣傳,V
懸,V
選手,N
靴(子),N
學會,N
學歷,N
學術,N
學位,N
學業,N
學者,N
雪花,N
削減,V
尋,V
循環,Vi
迅速,Vs
壓,V
壓力,N
壓迫,V
牙膏,N
煙/菸,N
嚴,Vs
嚴格,Vs
嚴肅,Vs
鹽巴,N
延長,V
癌症,N
演唱,V
演奏,V
掩蓋,V
宴會,N
厭惡,Vs
癢,Vs
氧氣,N
樣品,N
腰,N
搖,V
搖擺,V
搖頭,V-sep
要好,Vs
要命,Vs
藥方,N
藥水,N
藥物,N
野,Vs
野獸,N
野心,N
夜景,N
夜晚,N
業務,N
業餘,Vs-attr
葉子,N
衣裳,N
依據,N
醫,V
醫師,N
醫學,N
一帶,N
一大早,N
一致,Vs
移,V
移動,V
移民,Vp
疑問,N
儀器,N
儀式,N
乙,N
已婚,Vs
以往,N
一旁,N
易,Vs
意識,N
意外,Vs
意願,N
意志,N
億,N
義務,N
議會,N
因素,N
銀,N
引發,V
飲,V
飲食,N
印,V
印刷,Vi
印象,N
印章,N
嬰兒,N
英雄,N
贏得,Vpt
迎接,V
營養,Vs
營業,Vi
影本,N
影印,V
影子,N
硬,Vs
應付,V
應邀,Vi
應用,V
擁抱,V
擁護,V
擁擠,Vs
勇氣,N
用處(˙ㄔㄨ),N
用得著,Vs
用具,N
用力,Vs-sep
用心,Vs-sep
憂鬱,Vs
優惠,Vs
優良,Vs
優美,Vs
優越,Vs
油,Vs
油膩,Vs
游,Vi
郵差,N
郵件,N
遊戲,N
遊戲,Vi
遊行,Vi
猶豫,Vs
友好,Vs
有關,Vs
有力,Vs
有利,Vs
娛樂,N
語調,N
語氣,N
語音,N
遇,Vst
遇見,Vpt
預報,N
預定,V
預訂,V
預計,Vaux
預算,N
冤枉,Vs
冤枉,Vst
元旦,N
原來,Vs-attr
原理,N
原料,N
原始,Vs
原則,N
原子筆,N
圓滿,Vs
圓形,N
緣故,N
遠大,Vs
願,Vst
月分,N
月光,N
月球,N
暈,Vs
允許,V
運輸,V
運送,V
運用,V
運轉,Vi
砸,V
雜,Vs
災害,N
災難,N
在乎,Vst
載,V
咱們,N
贊成,Vst
贊同,Vst
讚美,V
葬禮,N
糟,Vs
糟糕,Vs
遭到,Vpt
遭受,Vst
遭遇,N
早晨,N
早點,N
造,V
造句,V-sep
增長,Vst
贈品,N
贈送,V
窄,Vs
展出,V
展開,V
展覽,N
展覽,V
展示,V
占/佔,V
占/佔,Vst
占/佔有,Vst
站住,Vi
戰場,N
張,V
長,Vst
長輩,N
漲,Vp
漲價,Vp-sep
掌聲,N
帳單,N
丈夫,N
招呼(˙ㄏㄨ),V
招手,V-sep
照常,Vs
召開,V
折,V
折合,Vst
折扣,N
折磨,V
者,N
針,N
偵探,N
珍惜,Vst
珍珠,N
真心,N
枕頭(˙ㄊㄡ),N
陣子,N
震動,Vi
爭,V
爭論,V
爭取,V
睜,V
徵求,V
正月,N
整,N
整,Vs
整潔,Vs
整數,N
正,Vs
正方形,N
正規,Vs-attr
正好,Vs
正經(˙ㄐㄧㄥ),Vs
正面,N
政策,N
政黨,N
政府,N
證件,N
證據,N
證明,N
證實,Vpt
症狀,N
之,N
之間,N
之類,N
支持,V
支出,Vpt
支票,N
支援,V
直接,Vs
值,Vst
擲,V
職位,N
執行,V
止,Vs
指,V
指出,Vpt
指導,V
指定,V
指示,N
指示,V
指責,V
紙張,N
治,V
至,V
制定,V
制止,V
志氣,N
志願,N
秩序,N
製造,V
製作,V
中,Vs-attr
中級,N
中年,N
中途,N
中央,N
中藥,N
腫,Vs
種類,N
種子,N
種族,N
中,Vp
中毒,Vp-sep
重,Vst
重大,Vs
重量,N
重傷,N
重傷,Vs
重心,N
州,N
周到,Vs
粥,N
竹(子),N
主辦,V
主持,V
主觀,Vs
主角,N
主席,N
主張,N
主張,V
祝賀,V
住院,V-sep
住宅,N
住址,N
注射,V
註冊,V-sep
專家,N
專利,N
專門,Vs
專人,N
專業,N
轉,V
轉變,Vpt
轉播,V
轉達,V
轉告,V
轉機,Vi
轉身,Vi
轉向,V
轉,Vp
賺,V
裝飾,V
壯,Vs
撞,V
狀況,N
追,V
准,V
准考證/証,N
準,Vs
準確,Vs
捉,V
資本,N
資格,N
資金,N
資訊,N
紫,Vs-attr
子女,N
字幕,N
字母,N
自來水,N
自然,N
自私,Vs
自我,N
自信,Vs
自願,Vs
自主,Vs
總理,N
綜合,V
綜合,Vs-attr
走道,N
走私,V
足,Vs
足以,Vaux
組,V
組織,N
阻礙,V
阻止,V
祖國,N
鑽,V
鑽石,N
罪,N
遵守,Vst
尊重,Vst
左右,N
左右,V
作,V
作家,N
作為,Vst
作文,N
作文,Vi
作用,N
做,V
做客,Vi
挨,Vst
愛戴,Vst
愛國,Vs
愛滋病,N
安頓,V
安撫,V
安寧,Vs
安詳,Vs
安置,V
案件,N
案情,N
案子,N
按摩,V
昂貴,Vs
奧妙,Vs
懊惱,Vs
八卦,N
八字,N
把持,V
把手,N
白皮書,N
拜會,V
頒發,V
頒獎,V-sep
辦案,V-sep
半島,N
半導體,N
綁,V
包袱(˙ㄈㄨ),N
包圍,V
寶,N
寶貝,Vst
寶石,N
飽和,Vs
飽滿,Vs
保安,N
保管,V
保齡球,N
保姆,N
保全,Vs-attr
保險,Vs
保佑,V
保重,Vi
報案,V-sep
報表,N
報酬,N
報導,N
報復,V
報關,V-sep
報價,N
報刊,N
報應,N
報章,N
暴力,Vs
暴雨,N
爆發,Vpt
抱負,N
抱歉,Vs
碑,N
悲哀,Vs
悲觀,Vs
貝殼,N
倍數,N
背誦,V
背心,N
被子,N
奔騰,Vi
本事,N
本位,N
本性,N
本質,N
崩潰,Vp
編輯,N
編輯,V
編寫,V
編織,V
編制,N
編製,V
邊界,N
邊緣,N
貶,Vp
貶值,Vp
匾額,N
便,N
辨認,V
辨識,V
辯,V
辯護,Vi
辯論,Vi
變革,N
變遷,Vs
變通,Vi
變形,Vp
標籤,N
標語,N
表白,Vi
表明,Vi
鼻孔,N
鼻涕,N
筆錄,N
筆友,N
比率,N
比擬,V
比喻,N
比重,N
必備,Vs-attr
閉幕,Vp
閉塞,Vs
避難,Vi
避孕,V-sep
畢生,N
幣值,N
憋,V
別,V
別墅,N
兵,N
賓館,N
柄,N
並列,Vst
並重,Vs
併發,Vpt
病床,N
病菌,N
病情,N
撥,V
波及,Vst
波浪,N
剝,V
剝削,V
搏鬥,Vi
播出,V
補給,V
補救,V
補習班,N
哺乳動物,N
不便,Vs
不等,N
不動產,N
不法,Vs-attr
不凡,Vs
不公,Vs
不及,Vs-pred
不禁,Vaux
不堪,Vs
不力,Vs-pred
不惜,Vs
不肖,Vs-attr
不懈,Vs
不再,Vs-pred
部落,N
部署,V
步調,N
步驟,N
猜測,V
猜忌,Vst
猜想,V
裁縫,N
裁減,V
財團,N
財政,N
才智,N
採訪,V
採光,N
採納,V
採取,V
彩繪,V
餐具,N
參謀,N
殘暴,Vs
殘酷,Vs
殘殺,V
慘重,Vs
燦爛,Vs
蒼白,Vs
蒼蠅(˙ㄧㄥ),N
操縱,V
草案,N
草叢,N
草率,Vs
草藥,N
測,V
策畫/劃,V
差額,N
插曲,N
插嘴,V-sep
茶具,N
察覺,Vpt
查明,V
蟬,N
饞,Vs
潺潺,Vs
猖獗,Vs
腸,N
長遠,Vs
場次,N
場面,N
倡導,V
唱腔,N
暢銷,Vs
產物,N
產值,N
超速,Vp
超脫,Vst
抄襲,V
吵嘴,Vi
車輛,N
車廂,N
撤回,V
撤銷,V
沉默,Vs
沉思,Vi
沉重,Vs
塵土,N
呈,Vst
乘,Vst
承包,V
承擔,V
承諾,N
成敗,N
成見,N
成就,V
成品,N
成全,V
成人,N
成效,N
成衣,N
成員,N
成長,N
稱號,N
稱呼,V
撐腰,Vi
程式,N
呈獻,V
誠心,N
誠心誠意,Vs
誠摯,Vs
稱,V
吃驚,Vs
吃苦,Vs
吃力,Vs
持,V
持久,Vs
持平,Vs
持續,Vaux
池(子),N
遲鈍,Vs
充斥,Vst
充裕,Vs
沖淡,V
沖天,Vs
衝,Vi
衝動,Vs
衝擊,V
衝突,N
憧憬,Vst
重疊,Vs
崇尚,Vst
寵愛,Vst
寵物,N
抽查,V
抽空,Vi
抽象,Vs
抽樣,V-sep
愁,N
仇,N
仇恨,N
稠密,Vs
出超,Vs
出錯,Vp-sep
出發點,N
出局,Vp
出口,N
出力,V-sep
出路,N
出馬,Vi
出賣,V
出面,Vi
出名,Vs
出品,N
出示,V
出手,Vi
出頭,N
出頭,Vp
出土,Vp
出息(˙ㄒㄧ),N
出血,Vp
初期,N
儲備,V
鋤頭(˙ㄊㄡ),N
處,Vi
處方,N
處分,N
處分,V
處境,N
處事,Vi
處於,Vst
處女,N
穿梭,Vi
傳,V
傳遞,V
傳奇,N
傳奇,Vs
傳神,Vs
傳授,V
船隻,N
喘,V
創傷,N
創,V
創辦,V
創立,V
創新,V
創業,V-sep
創作,V
吹牛,V-sep
垂,V
垂直,Vs
辭,V
辭典,N
辭行,Vi
慈善,Vs
此刻,N
次要,Vs-attr
伺候(˙ㄏㄡ),V
刺殺,V
匆忙,Vs
從容,Vs
湊巧,Vs
粗糙,Vs
粗魯,Vs
促,V
促成,Vpt
促使,Vst
促銷,V
簇擁,V
摧殘,V
摧毀,V
催眠,V
脆弱,Vs
存貨,N
磋商,Vi
撮合,V
搭配,V
達,Vst
答覆,V
打鬥,Vi
打賭,V-sep
打發(˙ㄈㄚ),V
打擊,V
打量,V
打獵,V-sep
打牌,V-sep
打手,N
打烊,Vp
大道,N
大隊,N
大使,N
大選,N
大洋洲,N
大意,N
大致,Vs-attr
呆,Vs
待,Vi
歹徒,N
逮捕,V
代課,V-sep
怠慢,Vst
擔,V
擔當,V
擔負,V
單價,N
單據,N
單親,Vs-attr
單行道,N
膽,N
膽固醇,N
淡季,N
淡水,N
導師,N
導致,Vst
島嶼,N
道,Vi
道別,Vi
道地,Vs
道士,N
道義,N
到期,Vp
倒數,Vi
當兵,V-sep
當代,N
當局,N
當前,N
當心,Vs
黨派,N
黨員,N
登場,Vi
登陸,Vi
燈火,N
燈籠(˙ㄌㄨㄥ),N
等候,Vst
等價,Vs
瞪,V
滴,V
嘀咕(˙ㄍㄨ),Vi
底片,N
抵,V
抵押,V
抵制,V
地表,N
地步,N
地勢,N
地域,N
地獄,N
地質,N
地主,N
締結,V
締造,V
弟兄(˙ㄒㄩㄥ),N
顛覆,V
典型,N
典雅,Vs
點子,N
奠定,Vpt
惦記,Vst
電工,N
電力,N
電流,N
電器,N
電視劇,N
電壓,N
凋零,Vs
調,V
調查,N
調度,Vi
吊橋,N
釣魚,V-sep
疊,V
頂,V
定額,N
定義,N
釘,V
訂購,V
丟棄,V
凍結,V
洞穴,N
動產,N
動機,N
動靜,N
動力,N
動亂,Vs
動脈,N
動態,N
動向,N
動員,V
抖,V
陡,Vs
逗留,Vi
鬥志,N
督促,V
獨創,V
獨到,Vs
獨占/佔,V
讀物,N
堵,V
堵塞,Vst
賭博,Vi
賭場,N
渡,V
度量衡,N
端正,Vs
短缺,Vs
短暫,Vs
斷絕,V
堆積,V
隊伍,N
兌現,V
對比,N
對照,Vst
對峙,Vs
頓,Vi
多寡,N
多媒體,N
多元,Vs
奪魁,Vp
躲避,V
墮胎,V-sep
額外,Vs-attr
惡,Vs-attr
惡化,Vp
惡性,Vs-attr
惡意,N
恩愛,Vs
恩情,N
恩人,N
恩怨,N
兒女,N
耳光,N
發電,Vi
發瘋,Vp
發掘,V
發誓,V-sep
發炎,Vp
發音,N
發育,Vs
發展,N
發作,Vp
法定,Vs-attr
法官,N
法令,N
法人,N
法則,N
法制,N
法治,N
翻臉,Vp
翻身,V-sep
翻新,V
繁多,Vs
繁體,N
藩籬,N
返,V
反擊,V
反射,Vi
反省,Vi
犯規,V-sep
販毒,Vi
販賣,V
方位,N
方向盤,N
方針,N
方正,Vs
妨礙,V
防備,V
防範,V
防水,Vs
防衛,V
防禦,V
防治,V
仿冒,V
仿造,V
紡織,Vi
放蕩,Vs
放寬,V
放款,Vi
放任,Vst
放鬆,Vs
放映,V
放逐,Vi
非凡,Vs
非洲,N
飛彈,N
飛翔,Vi
飛行,Vi
肥料,N
廢,V
廢除,V
廢棄,V
廢墟,N
廢止,V
費力,Vs
沸騰,Vp
肺炎,N
分辨,V
分寸,N
分擔,V
分發,Vi
分割,V
分化,Vpt
分級,V-sep
分家,V-sep
分解,V
分離,Vs
分裂,Vp
分泌,V
分享,V
分子,N
墳墓,N
粉紅,Vs-attr
粉刷,V
分量,N
糞,N
封,V
封閉,Vs
封鎖,V
封條,N
風暴,N
風潮,N
風光,N
風光,Vs
風化,Vp
風力,N
風尚,N
風水(˙ㄕㄨㄟ),N
風行,Vs
鋒面,N
豐盛,Vs
豐收,Vs
縫,N
奉獻,V
奉養,V
佛經,N
佛像,N
否決,V
膚淺,Vs
敷衍,V
俘虜,N
俘虜,V
浮動,Vi
服從,V
服飾,N
服務,N
服刑,V-sep
幅度,N
福氣,N
輻射,N
斧頭(˙ㄊㄡ),N
撫養,V
撫育,V
腐爛,Vp
腐蝕,Vst
腐朽,Vp
付款,V-sep
負,Vst
負面,N
富,Vs-attr
富貴,N
富有,Vst
婦人,N
附上,Vpt
復甦,Vp
復原,Vp
賦予,V
該死,Vs
改編,V
改觀,Vp
改良,V
改選,V
鈣,N
概括,Vst
概況,N
蓋章,V-sep
尷尬,Vs
干擾,V
干涉,V
乾燥,Vs
感觸,N
感性,Vs
綱領,N
剛強,Vs
鋼鐵,N
崗位,N
高見,N
高壓,N
告別,V
告狀,V-sep
胳膊(˙ㄅㄛ),N
歌唱,Vi
歌手,N
歌頌,V
疙瘩(˙ㄉㄚ),N
鴿子,N
隔閡,N
隔天,N
格局,N
格式,N
革新,V
各界,N
各自,N
個數,N
個體,N
給予,V
跟進,Vi
跟前,N
根源,N
耕地,N
更動,V
弓,N
工地,N
工讀,Vi
工藝品,N
公安,N
公費,N
公會,N
公民,N
公認,V
公事,N
公文,N
公務,N
公務員,N
公益,N
公債,N
功勞,N
功利,Vs
攻,V
攻讀,V
攻擊,V
供給,V
宮殿,N
恭敬,Vs
恭維,V
鞏固,Vs
共產,Vs-attr
共和國,N
共鳴,N
供養,V
勾結,V
溝,N
購,V
構想,N
孤獨,Vs
孤兒,N
孤立,Vs
辜負,Vst
估價,V-sep
古怪,Vs
古跡,N
古籍,N
古物,N
股市,N
鼓吹,V
鼓動,V
雇/僱,V
雇/僱用,V
固體,N
固有,Vs-attr
固執,Vs
顧全,V
蝸牛,N
寡婦,N
拐,V
官,N
官司(˙ㄙ),N
棺材(˙ㄘㄞ),N
觀,V
觀測,V
觀感,N
觀光,N
觀看,V
觀摩,V
觀望,Vi
關稅,N
關切,Vst
關懷,Vst
關頭,N
關係,Vst
關照,Vst
管教,V
管理,N
管線,N
管子,N
貫徹,Vst
慣,V
灌,V
灌溉,V
灌輸,V
光顧,V
光滑,Vs
光輝,N
光芒,N
規範,N
規格,N
規矩,Vs
規則,Vs
歸,V
歸,Vst
歸還,V
歸納,V
軌道,N
鬼怪,N
貴賓,N
棍子,N
國產,Vs-attr
國防,N
國境,N
國君,N
國民,N
國營,Vs-attr
果斷,Vs
果實,N
果樹,N
過關,V-sep
過量,Vs
過敏,Vs
過目,Vi
過人,Vs
過失,N
過癮,Vs
過重,Vs
海拔,N
海面,N
海嘯,N
海運,N
害蟲,N
喊,V
行號,N
行列,N
航空信,N
航行,Vi
好比,Vst
好手,N
好受,Vs
號,Vst
號子/證券行,N
合併,V
合同(˙ㄊㄨㄥ),N
合意,Vs
合約,N
何在,Vs
和解,Vi
和睦,Vs
和諧,Vs
核定,V
核對,V
核算,V
核准,V
核子,N
黑名單,N
黑社會,N
狠,Vs
狠心,Vs
哼,Vi
橫,Vi
衡量,V
轟動,Vs
轟轟烈烈,Vs
紅利,N
紅燒,V
洪水,N
宏偉,Vs
哄,V
後輩,N
後天,Vs-attr
候選人,N
呼籲,Vi
狐疑,Vs
戶口,N
互補,Vs
互動,N
互惠,Vs
護,V
花瓣,N
花朵,N
花卉,N
花紋,N
花樣,N
划不來,Vs
划得來,Vs
華裔,N
化工,N
化石,N
話劇,N
畫面,N
畫展,N
劃時代,Vs-attr
懷,Vst
懷疑,Vst
歡送,V
幻象,N
換取,V
患,Vst
患者,N
荒唐,Vs
慌張,Vs
惶恐,Vs
恍惚,Vs
灰,N
灰塵,N
輝煌,Vs
回合,N
回絕,V
回升,Vp
回憶,N
迴/回響,N
毀,V
毀損,V
悔恨,Vs
匯,V
匯票,N
會見,V
會談,Vi
會意,Vp
繪畫,N
賄賂,V
彗星,N
昏,Vs
渾身,N
混,Vs
混淆,Vs
混濁,Vs
活/活兒,N
活期,Vs-attr
火箭,N
火力,N
火焰,N
火藥,N
伙伴,N
獲,Vst
貨幣,N
貨品,N
豁達,Vs
積,Vst
基層,N
基地,N
基督,N
基因,N
機動,Vs-attr
機警,Vs
機率,N
機密,N
機器人,N
機制,N
肌膚,N
飢餓,Vs
畸形,Vs
激增,Vs
吉利,Vs
吉祥,Vs
汲取,V
即,Vst
即日,N
嫉妒,Vst
極端,N
極端,Vs
集合,N
集結,V
集權,Vs
集團,N
急救,Vi
急躁,Vs
急診,Vi
籍貫,N
擊,V
擊落,V
計,Vst
繼承,Vpt
季風,N
劑量,N
紀律,N
技能,N
技藝,N
祭祀,V
傢伙(˙ㄏㄨㄛ),N
家家戶戶,N
家電,N
家屬,N
佳節,N
佳人,N
加緊,V
加快,V
加薪,V-sep
加重,V
枷鎖,N
夾雜,Vpt
假象,N
架,V
架(子),N
架構,N
假期,N
煎,V
監督,V
尖端,Vs-attr
堅固,Vs
堅忍,Vs
堅信,Vst
堅硬,Vs
兼職,Vi
艱鉅,Vs
艱苦,Vs
艱難,Vs
簡便,Vs
簡稱,Vst
簡化,Vpt
簡體,N
檢討,V
賤,Vs
濺,V
見解,N
見識,V
見證(˙ㄓㄥ),V
建造,V
健身,Vi
健身房,N
健壯,Vs
將軍,N
獎勵,V
獎賞,N
獎狀,N
講理,Vs
講習,N
講義,N
講座,N
交錯,Vs
交貨,V-sep
交集,N
交情,N
交涉,Vi
交談,Vi
焦急,Vs
腳本,N
攪和(˙ㄏㄨㄛ),Vi
轎車,N
叫好,Vi
教官,N
教化,V
教誨,N
教徒,N
教學,N
教員,N
較量,Vi
階層,N
階級,N
街坊(˙ㄈㄤ),N
接管,V
接納,V
接洽,V
揭幕,Vp
揭曉,V
截,V
潔白,Vs
節儉,Vs
節慶,N
結實(˙ㄕ),Vs
結業,Vp
結緣,Vi
捷運,N
解答,N
解放,V
解渴,Vs
解剖,V
解說,V
解體,Vp
解脫,V
解約,Vp-sep
屆,Vst
戒,V
戒備,Vi
借貸,V
藉口,N
介入,V
金錢,N
金魚,N
津貼,N
緊湊,Vs
緊密,Vs
緊縮,Vi
謹慎,Vs
勁/勁兒,N
進場,Vi
進度,N
進攻,V
進化,Vp
進軍,V
進修,V
進展,Vi
晉級,Vp
禁令,N
精,Vs
精光,Vs
精華,N
精明,Vs
精髓,N
精緻,Vs
經典,N
經濟,Vs
經書,N
驚惶,Vs
驚奇,Vs
驚喜,Vs
驚險,Vs
鯨魚,N
井,N
警報,N
警覺,Vs
警惕,V
警衛,N
景觀,N
景氣,N
景物,N
景象,N
敬,V
敬佩,Vst
境地,N
靜脈,N
靜態,N
競賽,Vi
競選,V
競爭,N
揪,V
糾紛,N
酒店,N
酒館,N
酒精,N
就,Vst
就緒,Vs
救濟,V
救援,V
居,Vst
局面,N
沮喪,Vs
舉例,V-sep
舉止,N
舉重,N
巨人,N
拒,V
聚餐,V-sep
俱全,Vs-pred
捐獻,V
捐贈,V
決賽,N
決議,N
抉擇,N
絕跡,Vp
均衡,Vs
均勻,Vs
軍備,N
軍閥,N
軍官,N
軍艦,N
開辦,V
開導,V
開動,Vi
開發,N
開飯,Vp
開放,Vs
開口,V-sep
開闊,Vs
開路,V-sep
開幕,Vp
開盤,Vp
開闢,V
開啟,Vpt
開頭/開頭兒,N
開銷,N
開業,Vp
開展,V
開張,Vp
刊物,N
刊登,V
看守,V
康復,Vp
慷慨,Vs
扛,V
抗爭,Vi
考場,N
考古,Vi
考量,N
考生,N
考驗,V
烤肉,N
靠,Vst
刻畫/劃,Vi
科幻,Vs
苛責,V
殼,N
可觀,Vs
可望,Vaux
可行,Vs
刻薄,Vs
刻苦,Vs
客機,N
課業,N
克制,V
吭聲,Vi
空,N
空曠,Vs
空難,N
空談,Vi
空運,V
孔,N
恐嚇,V
恐懼,Vs
口頭,N
口吻,N
扣除,V
苦工,N
苦難,N
苦惱,Vs
苦衷,N
庫存,N
誇,V
誇耀,V
跨越,V
快活(˙ㄏㄨㄛ),Vs
快速,Vs
寬廣,Vs
寬闊,Vs
款待,V
款式,N
狂風,N
狂妄,Vs
礦產,N
礦工,N
虧,Vp
昆蟲,N
捆,V
困,Vi
困境,N
困擾,N
困擾,Vs
擴建,V
擴散,Vs
擴張,Vst
拉票,V-sep
臘月,N
來賓,N
來客,N
攔,V
懶惰,Vs
懶散,Vs
朗讀,V
朗誦,V
浪費,V
牢,N
勞改,Vi
勞累,Vs
老年,N
老人家(˙ㄖㄣ)(˙ㄐㄧㄚ),N
老鼠,N
老天爺,N
老頭兒/老頭子,N
老鄉,N
老子,N
雷,N
雷達,N
雷同,Vs
累積,V
類似,Vst
類型,N
冷凍,V
冷汗,N
冷門,Vs
冷清,Vs
勒索,V
黎明,N
罹難,Vp
里程,N
理財,Vi
理論,Vi
理所當然,Vs
理性,Vs
理學,N
理智,Vs
禮服,N
禮節,N
禮貌,Vs
力求,V
力行,V
力學,N
立國,Vi
立即,Vs-attr
立體,Vs
利率,N
利弊,N
例,N
歷屆,N
歷來,N
歷年,N
聯,N
聯,V
聯盟,N
聯繫,V
聯想,V
連帶,Vs-attr
連結,V
連任,Vst
連線,V-sep
廉價,Vs
廉潔,Vs
臉龐,N
臉譜,N
良機,N
兩極,N
兩口子,N
遼闊,Vs
列,V
列車,N
列國,N
列入,Vst
獵人,N
烈士,N
臨床,Vs-attr
鄰里,N
鈴,N
靈,Vs
靈感,N
靈驗,Vs
領隊,N
領會,Vst
領悟,Vpt
令,V
溜冰,V-sep
留,V
流程,N
流傳,V
流落,Vi
流氓,N
流失,Vst
流水,N
流通,Vi
流星,N
流域,N
柳樹,N
籠子,N
籠罩,Vs
壟斷,V
樓房,N
漏,Vpt
爐子,N
陸地,N
路過,V
露天,N
錄影,V-sep
錄影機,N
輪廓,N
倫理,N
淪陷,Vp
論點,N
卵,N
囉嗦(˙ㄙㄨㄛ),Vs
鑼,N
邏輯,N
落得,Vst
落魄,Vs
落選,Vp
駱駝(˙ㄊㄨㄛ),N
驢,N
鋁,N
旅費,N
旅途,N
旅行,N
旅遊,N
履歷,N
履行,V
麻醉,V
馬鈴薯,N
埋伏,Vi
買賣,N
買主,N
邁,V
邁進,Vi
麥子,N
賣座,Vs
瞞,V
蠻橫,Vs
滿懷,Vst
漫長,Vs
蔓延,Vs
盲從,Vs
盲人,N
芒果,N
茫然,Vs
毛毯,N
茂密,Vs
冒險,Vi
眉毛(˙ㄇㄠ),N
眉頭,N
媒體,N
美滿,Vs
美容院,N
美食,N
美洲,N
悶,Vs
悶熱,Vs
門戶,N
蒙,Vst
猛烈,Vs
夢見,Vpt
謎,N
謎語,N
迷宮,N
迷惑,Vs
迷戀,Vst
彌補,V
密集,Vs
蜜,N
鳴,Vi
明理,Vs
明日,N
明智,Vs
名額,N
名號,N
名氣,N
名勝,N
名聲,N
名堂,N
名下,N
冥想,Vi
命名,V-sep
命中,Vpt
綿延,Vst
勉強,V
免稅,Vs
免疫,Vs
面孔,N
面談,Vi
描繪,V
描述,V
民俗,N
民營,Vs-attr
敏感,Vs
敏捷,Vs
滅,V
模範,N
模具,N
模式,N
魔術,N
末,N
末期,N
墨,N
沒落,Vs
沒收,V
默契,N
漠視,V
謀生,Vi
母語,N
木材,N
木刻,N
木料,N
木偶,N
沐浴,Vi
目睹,Vpt
目光,N
目擊,Vpt
牧場,N
幕,N
募集,V
納悶,Vs
納入,V
納稅,V-sep
耐,Vs-pred
耐力,N
男方,N
南極洲,N
難度,N
難關,N
難免,Vs
難題,N
難民,N
囊括,V
腦海,N
腦力,N
內閣,N
內涵,N
內銷,Vs-attr
內在,N
內戰,N
內政,N
能量,N
擬,V
擬定,V
膩,Vs
念頭(˙ㄊㄡ),N
娘,N
娘家(˙ㄐㄧㄚ),N
凝固,Vp
凝結,V
凝聚,V
凝視,V
扭轉,V
農具,N
農田,N
農作物,N
弄錯,Vp
奴隸,N
努力,N
怒氣,N
暖,V
挪,V
懦弱,Vs
諾言,N
女方,N
虐待,V
歐洲,N
趴,Vi
拍馬屁,Vi
拍攝,V
拍照,V-sep
拍子,N
排除,V
排擠,V
排名,Vi
派出所,N
派對,N
派遣,V
派頭,N
判,V
盼,Vst
旁人,N
旁聽,V
拋,V
拋棄,V
跑道,N
泡沫,N
陪伴,V
培訓,V
培育,V
配,V
配,Vs
配給,V
配音,V-sep
噴漆,V-sep
盆地,N
蓬勃,Vs
捧場,Vi
批發,V
批准,Vpt
疲憊,Vs
偏差,N
便宜(˙ㄧ),N
便宜(˙ㄧ),Vst
片刻,N
拼,V
貧苦,Vs
貧民,N
品味,N
品種,N
乒乓球/桌球,N
平凡,Vs
平面,N
平穩,Vs
平行,Vs
評估,V
評價,N
評論,V
潑,V
婆家,N
破案,V-sep
破產,Vp
破除,V
破獲,V
破例,Vp-sep
破碎,Vs
迫害,V
魄力,N
樸素,Vs
曝光,Vp
暴露,Vs
漆,N
淒涼,Vs
欺侮,V
奇觀,N
奇蹟,N
奇妙,Vs
奇異,Vs
期待,Vst
期貨,N
期望,Vst
旗幟,N
乞丐,N
啟,Vi
啟發,V
啟示,N
啟事,N
起步,Vi
起伏,Vi
起源,N
氣概,N
氣管,N
氣派(˙ㄆㄞ),Vs
氣勢,N
氣體,N
氣壓,N
契機,N
棄權,Vi
恰當,Vs
洽商,Vi
洽談,Vi
鉛,N
牽連,Vst
簽署,V
謙遜,Vs
前輩,N
前程,N
前後,N
前景,N
前科,N
前提,N
潛藏,Vi
潛力,N
虔誠,Vs
淺薄,Vs
淺顯,Vs
腔調,N
牆角,N
強勁,Vs
強求,V
強權,N
強壯,Vs
瞧不起,Vst
橋樑,N
巧合,Vs
俏,Vs
翹,Vs
峭壁,N
翹課,V-sep
切磋,V
切實,Vs
竊賊,N
親,Vs
親熱,Vs
親生,Vs-attr
侵犯,V
侵略,V
侵蝕,V
侵襲,V
欽佩,Vst
琴,N
勤奮,Vs
青春,N
青翠,Vs
青蛙,N
清澈,Vs
清潔,Vs
清靜,Vs
清廉,Vs
清幽,Vs
清掃,V
傾向,N
輕薄,Vs
輕蔑,Vs
情報,N
情操,N
情婦,N
情節,N
情景,N
情侶,N
情趣,N
慶幸,Vs
丘陵,N
求學,Vi
求助,Vi
屈服,Vs
趨勢,N
渠道,N
取材,Vs
取締,V
取樣,N
取悅,V
趣味,N
圈,V
圈子,N
權力,N
權威,N
權益,N
泉源,N
勸導,V
勸告,N
缺陷,N
確保,V
確切,Vs
群島,N
群居,Vs
染料,N
嚷,Vi
饒,V
熱潮,N
熱帶,N
熱量,N
熱水瓶,N
仁愛,N
人次,N
人道,N
人禍,N
人際,N
人情,N
人群,N
人士,N
人手,N
人選,N
人造,Vs-attr
忍痛,Vs
任期,N
認錯,Vp
認定,V
日程,N
日光燈,N
容,V
容量,N
容納,Vst
容器,N
容許,V
溶,Vs
溶化,Vp
融合,V
融洽,Vs
榮譽,N
揉,V
柔軟,Vs
肉麻,Vs
肉體,N
儒家,N
入超,Vs
入口,Vi
入世,Vs
軟弱,Vs
軟體,N
撒謊,V-sep
撒,V
灑,V
塞車,Vs
賽,V
散文,N
散布/佈,V
喪事,N
嗓子,N
喪生,Vp
騷動,Vi
嫂子,N
色澤,N
剎(ㄕㄚ)/煞車,V-sep
沙拉,N
沙啞,Vs
傻瓜,N
山峰,N
山谷,N
山脈,N
閃電,N
閃爍,Vi
閃耀,Vs
擅長,Vst
傷害,N
傷口,N
傷亡,Vp
商榷,Vi
商討,V
賞,V
上吊,Vi
上好,Vs-attr
上進,Vs
上空,N
上路,Vp
上門,Vi
上司,N
上下,N
上旬,N
上演,V
上癮,Vp
上漲,Vp
燒香,V-sep
奢侈,Vs
奢望,Vst
設,V
設施,N
設想,Vi
射擊,V
射手,N
涉及,Vpt
涉嫌,Vst
社論,N
社區,N
攝取,V
攝氏,N
攝影機,N
深奧,Vs
深沉,Vs
深度,N
深厚,Vs
深切,Vs
深入,V
深造,Vi
身段,N
身教,N
身為,Vst
身子,N
伸張,V
神,Vs
神情,N
審核,V
審判,V
審慎,Vs
審議,V
滲入,V
生詞,N
生火,V-sep
生理,N
生平,N
生氣,N
生前,N
生人,N
生死,N
生態,N
生物,N
生效,Vp
生硬,Vs
生育,N
生育,V
生殖,Vi
升遷,Vi
升值,Vp
聲稱,V
聲明,N
聲勢,N
省,N
省事,Vs
盛,Vs
盛情,N
盛行,Vs
盛裝,Vs
勝地,N
聖賢,N
失,Vpt
失靈,Vp
失落,Vs
失明,Vp
失事,Vp
失手,Vs
失蹤,Vp
師範,Vs-attr
施肥,V-sep
施行,V
屍體,N
石膏,N
十足,Vs
拾,V
時差,N
時光,N
時節,N
時髦,Vs
時效,N
實踐,V
實況,N
實例,N
實習,Vi
實證,N
實質,N
屎,N
史料,N
使喚,V
使節,N
使勁,Vi
使命,N
士兵,N
仕女,N
示範,Vi
市面,N
市容,N
世代,N
世間,N
世事,N
試卷,N
試圖,Vaux
逝世,Vp
事故,N
事變,N
事態,N
事務,N
事宜,N
釋放,V
嗜好,N
視為,V
室友,N
適宜,Vs
適中,Vs
收藏,V
收費,V-sep
收集,V
收買,V
收縮,Vi
收聽,V
收益,N
手冊,N
手槍,N
手勢,N
守,V
守護,V
首府,N
首領,N
首席,N
首飾,N
首長,N
受害,Vp
受訓,V-sep
售貨員,N
授課,V-sep
狩獵,V
壽星,N
疏導,V
疏散,V
梳,V
書本,N
書面,N
書寫,V
舒暢,Vs
舒展,V
輸血,V-sep
束縛,V
樹苗,N
數據,N
率,V
霜,N
雙重,Vs-attr
雙打,N
爽快,Vs
水道,N
水稻,N
水晶,N
水庫,N
水力,N
水泥,N
水源,N
水蒸氣,N
睡眠,N
順從,Vs
順應,Vst
瞬間,N
說謊,V-sep
說笑,Vi
思潮,N
思念,Vst
思維,N
司令,N
斯文,Vs
私心,N
賜,V
松樹,N
慫恿,V
搜集,V
俗稱,Vst
俗語,N
塑膠,N
訴苦,Vi
素食,N
素質,N
算命,V-sep
算術,N
隨後,N
隧道,N
歲月,N
損,V
損害,V
損壞,V
損傷,Vst
縮小,Vp
所得,N
所在,N
索賠,Vi
瑣碎,Vs
牠,N
他人,N
塔,N
踏實,Vs
台階,N
太極拳,N
太平,Vs
態勢,N
貪,Vs
貪心,Vs
攤位,N
痰,N
談論,V
彈性,N
坦克,N
坦然,Vs
探病,V-sep
探究,V
探索,V
探望,V
探險,Vi
湯圓,N
堂堂,Vs
陶器,N
逃生,Vi
逃稅,V-sep
淘汰,V
套房,N
套裝,N
特區,N
特權,N
特約,Vs-attr
特徵,N
疼愛,Vst
剔除,V
啼,Vi
提拔,V
提倡,V
提出,Vpt
提及,V
提名,V
提升,V
提議,V
體操,N
體格,N
體積,N
體諒(˙ㄌㄧㄤ),Vst
體面,Vs
體系,N
體質,N
替代,Vst
添,V
天敵,N
天然氣,N
天性,N
天災,N
田地,N
田徑,N
甜美,Vs
挑剔(˙ㄊㄧ),V
調和,V
調和,Vs
調節,V
調皮,Vs
條例,N
挑戰,N
聽寫,V
停頓,Vi
停留,Vi
停滯,Vi
通報,V
通車,Vp
通稱,Vst
通貨膨脹,Vs
通緝,V
通行,Vi
通用,Vs-attr
同伴,N
同化,V
同鄉,N
同心,Vs
同性戀,N
同業,N
統計,N
統制,V
痛恨,Vst
偷渡,Vi
偷懶,Vs
投保,V
投機,Vs
投入,Vs
透明,Vs
徒弟,N
突擊,V
突兀,Vs
塗,V
圖,V
圖表,N
圖畫,N
圖騰,N
土壤,N
團聚,Vs
團員,N
推測,V
推崇,Vst
推出,Vpt
推選,V
退化,Vp
吞吞吐吐,Vi
托,V
拖,V
拖累,V
拖延,Vst
脫身,Vp
脫手,Vp
瓦斯,N
外表,N
外號,N
外力,N
外貿,N
外線,N
外銷,V
外遇,N
外在,N
外資,N
外祖父,N
外祖母,N
彎曲,Vs
完備,Vs
完美,Vs
玩弄,V
頑強,Vs
挽,V
挽救,V
萬事,N
萬歲,Vs
萬物,N
惋惜,Vs
亡國,Vp
往來,Vi
旺季,N
旺盛,Vs
威風,Vs
威力,N
萎縮,Vs
為,Vst
為人,N
為生,Vs
為首,Vs
為止,N
違背,Vpt
違約,V-sep
危害,V
圍巾,N
圍牆,N
圍繞,V
微弱,Vs
微小,Vs
維生素,N
胃,N
胃口,N
未婚夫,N
未婚妻,N
衛生,N
溫,Vs
溫帶,N
溫泉,N
溫習,V
溫馴,Vs
瘟疫,N
文明,N
文壇,N
文獻,N
聞名,Vst
穩健,Vs
紊亂,Vs
問世,Vp
臥,Vi
烏龜,N
烏龍茶,N
烏鴉,N
汙染,N
無比,Vs
無線電,N
無形,Vs
五金,N
武力,N
武士,N
武裝,N
侮辱,V
物產,N
物品,N
物體,N
物資,N
誤差,N
誤解,Vst
務實,Vs
西服,N
西洋,N
西醫,N
溪流,N
席位,N
錫,N
襲擊,V
昔日,N
習題,N
洗禮,N
喜氣,N
喜悅,Vs
系,N
戲曲,N
瑕疵,N
峽谷,N
狹小,Vs
狹窄,Vs
下筆,Vi
下跌,Vp
下滑,Vp
下列,Vs-attr
下水,V-sep
下水道,N
下旬,N
掀,V
仙丹,N
先後,N
先進,N
先驅,N
先天,Vs-attr
鮮明,Vs
鮮艶/豔,Vs
纖維,N
嫌疑,N
顯現,Vst
限,Vst
限度,N
憲法,N
線路,N
陷入,V
獻身,V-sep
現今,N
現行,Vs-attr
現狀,N
相傳,Vi
相仿,Vs
相符,Vs
相配,Vs
鄉土,Vs
香皂,N
鑲,V
想開,Vp
響亮,Vs
嚮導,N
嚮往,Vst
象徵,N
象徵,Vst
消毒,V-sep
消防,Vs-attr
消耗,V
消遣,N
消遣,V
瀟灑,Vs
逍遙,Vs
小販,N
小伙/夥子,N
效法,V
效勞,Vi
效力,N
效忠,V
笑嘻嘻,Vi
孝子,N
協辦,V
協定,N
協會,N
協商,V
協調,V
協調,Vs
協議,N
協議,V
血汗,N
血跡,N
血壓,N
寫實,Vs
寫作,Vi
洩氣,Vs
心愛,Vs-attr
心軟,Vs
心事(˙ㄕ),N
心思,N
心酸,Vs
心態,N
心疼,Vst
心胸,N
辛勤,Vs
辛酸,Vs
新潮,Vs
新手,N
新穎,Vs
信賴,Vst
信念,N
信徒,N
信息,N
星辰,N
星座,N
興建,V
興隆,Vs
興起,Vpt
行善,Vi
行使,V
行星,N
行政,N
刑事,N
形勢,N
形態,N
形體,N
形形色色,Vs
型態,N
性,N
性能,N
性情(˙ㄑㄧㄥ),N
興致,N
胸,N
胸口,N
修補,V
修訂,V
修建,V
修女,N
修養,N
修築,V
繡,V
虛擬,V
虛心,Vs
許,N
許久,N
許可,V
酗酒,Vi
序幕,N
敘述,V
宣稱,V
宣告,V
宣示,V
宣誓,Vi
宣言,N
宣揚,V
旋律,N
旋轉,Vi
懸殊,Vs
懸崖,N
選拔,V
選購,V
選民,N
選票,N
選修,V
學分,N
學科,N
學年,N
學識,N
學說,N
學徒,N
學員,N
學制,N
雪人,N
削弱,V
循環,N
巡邏,Vi
巡視,V
詢問,V
訓,V
押,V
鴉片,N
壓歲錢,N
壓縮,V
壓制,V
牙科,N
芽,N
啞,Vp
亞軍,N
亞洲,N
淹,V
研究所,N
言論,N
岩石,N
延遲,Vpt
延伸,Vs
延誤,Vpt
延續,Vst
沿海,N
沿途,N
沿襲,Vst
沿用,V
嚴禁,V
嚴厲,Vs
嚴密,Vs
演變,Vs
演講,N
演說,N
演習,Vi
眼界,N
眼看,V
衍生,V
燕窩,N
燕子,N
央求,V
仰,V
仰慕,Vst
養分,N
養老,Vs
養育,V
邀,V
窯,N
搖晃(˙ㄏㄨㄤ),Vi
謠言(˙ㄧㄢ),N
遙遠,Vs
要點,N
要犯,N
藥品,N
業績,N
依賴,Vst
醫療,N
醫術,N
醫藥,N
一定,Vs-attr
一貫,Vs-attr
儀表,N
遺產,N
遺傳,Vst
遺憾,Vs
遺留,V
遺棄,V
遺體,N
遺忘,Vpt
遺志,N
遺址,N
疑慮,N
移植,V
倚,V
一連串,Vs-attr
一流,Vs
液體,N
抑制,V
意識到,Vpt
意圖,N
意味,Vst
毅力,N
翌日,N
異常,Vs
異鄉,N
議定,V
議論,V
議題,N
議員,N
音,N
因果,N
陰謀,N
陰影,N
銀幕,N
銀色,N
銀子,N
引,V
引導,V
引進,V
引擎,N
隱藏,V
隱士,N
印證,V
櫻桃,N
英勇,Vs
英語,N
應,V
鷹,N
營地,N
營造,V
迎,V
迎合,Vst
影射,Vst
硬體,N
應變,Vi
應酬,Vi
應急,Vs
應驗,Vpt
應徵,V
湧,V
踴躍,Vs
用戶,N
用途,N
用心,N
悠久,Vs
悠閒,Vs
優待,V
優勢,N
優異,Vs
鈾,N
由來,N
遊覽,V
油田,N
油條,N
友愛,Vst
有機,Vs-attr
有理,Vs
有所,Vst
有為,Vs
有限,Vs
有形,Vs
有心人,N
有益,Vst
有意,Vaux
有緣,Vs
誘惑,V
幼稚,Vs
逾,Vst
餘,N
餘,Vst
愚蠢,Vs
輿論,N
漁民,N
予,V
予以,V
與會,Vi
雨季,N
語文,N
宇宙,N
玉器,N
預測,V
預防,V
預告,V
預估,V
預賽,N
預約,V
寓言,N
園林,N
元氣,N
元首,N
元素,N
原形,N
原野,N
原狀,N
原住民,N
原子,N
原子彈,N
援助,V
遠景,N
怨,Vst
約束,V
躍,Vi
樂隊,N
月台,N
運,V
運行,Vi
孕婦,N
醞釀,V
栽,V
災禍,N
災情,N
在場,Vi
在世,Vs
在座,Vi
再生,Vs-attr
咱,N
贊助,V
讚嘆/歎,Vi
贓物,N
遭,Vst
遭遇,Vst
造反,Vi
造化,N
造物主,N
造型,N
責備,V
增進,V
增強,Vp
增值,Vp
贈,V
扎,V
炸藥,N
沾,V
展望,Vst
展現,V
嶄新,Vs-attr
占/佔據,V
占/佔領,V
顫抖,Vi
戰火,N
戰機,N
戰亂,N
戰略,N
戰勝,V
戰士,N
戰術,N
戰線,N
戰友,N
戰戰兢兢,Vs
張開,V
張貼,V
長子,N
帳篷,N
朝氣,N
著想,Vs
找尋,V
沼澤,N
召集,V
照耀,V
遮,V
遮蔽,V
折騰(˙ㄊㄥ),V
針灸,Vi
真情,N
診斷,V
診所,N
鎮定,Vs
鎮壓,V
振動,Vi
震驚,Vs
陣營,N
蒸,V
蒸發,Vi
蒸氣,N
爭辯,Vi
爭奪,V
爭論,N
爭氣,Vs
爭議,N
徵收,V
掙扎,Vi
整,V
整頓,V
整體,N
正當,Vs
正統,N
正義,N
政績,N
政見,N
政權,N
證券,N
證人,N
掙,V
之內,N
支撐,V
支付,V
支配,V
支應,V
知足,Vs
脂肪,N
織,V
直徑,N
值班,V-sep
值錢,Vs
殖民,Vi
質量,N
質疑,V
職務,N
職責,N
執照,N
執政,Vi
執著,Vs
止,N
指標,N
指點,V
指揮,N
指揮,V
指控,V
指南針,N
指數,N
指頭(˙ㄊㄡ),N
指望,Vst
指紋,N
指引,V
指正,V
治安,N
治本,Vi
治標,Vi
治理,V
治療,V
志趣,N
志向,N
致詞,Vi
致富,Vs
致力,Vst
致命,Vs
致意,Vi
智力,N
制裁,V
制訂,V
製品,N
滯留,Vi
中斷,V
中和,V
中立,Vs
中旬,N
中葉,N
中醫,N
中庸,Vs
忠實,Vs
終場,N
終結,V
終身,N
種植,V
中風,Vp
中獎,Vp
中肯,Vs
中暑,Vp
重用,V
重鎮,N
周邊,N
周密,Vs
周詳,Vs
周遊,V
周轉,V
皺,Vs
皺紋,N
逐,V
主導,V
主管,V
主見,N
主力,N
主流,N
主權,N
主人翁,N
主義,N
主宰,V
主旨,N
主軸,N
囑咐,V
矚目,Vi
注定,Vaux
注目,Vi
注視,V
注重,Vst
住戶,N
住宿,Vi
柱子,N
助教,N
助手,N
佇立,Vi
著作,N
駐,V
抓緊,V
專櫃,N
專員,N
專制,Vs
磚,N
轉動,V
轉化,Vp
轉機,N
轉手,V
轉向,Vi
轉移,V
轉帳,V-sep
撰寫,V
莊嚴,Vs
裝備,N
裝潢,V
裝配,V
裝運,V
裝置,V
壯觀,Vs
壯麗,Vs
狀元,N
追捕,V
追查,V
追究,V
準備,N
準則,N
准許,V
卓越,Vs
著手,Vi
著眼,Vi
著重,Vst
資深,Vs
資助,V
姿勢,N
姿態,N
滋味,N
子彈,N
子弟,N
子孫,N
紫外線,N
自稱,Vst
自費,Vi
自豪,Vs
自覺,Vst
自立,Vs
自滿,Vs
自身,N
自制,Vi
自治,Vi
自傳,N
字體,N
字眼/字眼兒,N
字樣,N
宗旨,N
總裁,N
總額,N
總和,N
總結,N
總經理,N
總數,N
縱火,V-sep
縱容,Vst
走廊,N
揍,V
租賃,V
足夠,Vs
祖宗,N
阻擋,V
阻力,N
阻撓,V
阻塞,Vs
組織,V
組裝,V
鑽研,V
嘴脣,N
罪惡,N
罪名,N
罪行,N
尊,Vst
尊嚴,N
遵循,Vst
作風,N
作怪,Vi
作為,N
作物,N
作戰,Vi
作證,V-sep
坐牢,V-sep
坐鎮,Vi
座談,Vi
座右銘,N
